1010012800010000,食品,餐饮,零食,null,
1010012800010001,食品,餐饮,零食,null,
1010012800010002,茶叶,其他,保健品,null,
1010012800010003,MILAN GOLD,餐饮,零食,null,
1010012800010004,特百惠,儿童母婴,母婴用品,null,
1010012800010005,当代药房,其他,保健品,null,
1010012800010006,同仁堂,其他,保健品,null,
1010012800010007,VICHY,个护化妆,个人护理,null,
1010012800010008,优色林,个护化妆,个人护理,null,
1010012800010009,雅漾,个护化妆,个人护理,null,
1010012800010010,生命阳光,个护化妆,个人护理,null,
1010012800010011,同仁堂,其他,保健品,null,
1010012800010012,集品堂,其他,保健品,null,
1010012800010013,启泰药业,其他,保健品,null,
1010012800010014,食品,餐饮,零食,null,
1010012800010015,家庭日常用品,儿童母婴,儿童母婴,null,
1010012800010016,优之良品,餐饮,零食,null,
1010012800010017,宝明堂,其他,保健品,null,
1010012800010018,上品堂,其他,保健品,null,
1010012800010019,食尚森活,餐饮,零食,null,
1010012800010020,林银杏,餐饮,零食,null,
1010012800010021,Leonidas Kestekides,餐饮,零食,null,
1010012800010022,稻香村,餐饮,零食,62512088,
1010012800010023,贝印,个护化妆,个人护理,null,
1010012800010024,DIAN,其他,家纺,null,
1010012800010025,依诗家,其他,家纺,null,
1010012800010026,康维他,其他,保健品,62696014,
1010012800010027,极草,其他,保健品,null,
1010012800010028,脉葆野山菌,餐饮,正餐,88865728,
1010012800010029,私房小厨,餐饮,正餐,null,
1010012800010030,烟酒茶叶,其他,保健品,null,
1010012800010031,季诺意式休闲餐厅,餐饮,正餐,62628707,
1010012800020000,COSTA COFFEE,餐饮,咖啡厅,62562385,
1010012800020001,Pana Pana,其他,珠宝,null,
1010012800020002,LANCEL,其他,箱包,null,
1010012800020003,万宝龙,其他,手表,null,
1010012800020004,Cartier,其他,珠宝,null,
1010012800020005,LANCEL,服装,箱包,null,
1010012800020006,SAMSON,服装,箱包,null,
1010012800020007,TUMI,服装,箱包,null,
1010012800020008,CASIO,其他,钟表,null,
1010012800020009,FESTINA,其他,钟表,null,
1010012800020010,爱骏达,其他,钟表,null,
1010012800020011,ERNEST BOREL,其他,钟表,null,
1010012800020012,Hamilton,其他,钟表,null,
1010012800020013,西铁城,其他,钟表,null,
1010012800020014,SULTANA,其他,钟表,null,
1010012800020015,英纳格,其他,钟表,null,
1010012800020016,MIDO,其他,钟表,null,
1010012800020017,TITONI,其他,钟表,null,
1010012800020018,SWAROVSKI,其他,珠宝,null,
1010012800020019,OMEGA,其他,钟表,null,
1010012800020020,RADO,其他,钟表,null,
1010012800020021,TAGHEUER,其他,钟表,null,
1010012800020022,LONGINES,其他,钟表,null,
1010012800020023,名士,其他,钟表,null,
1010012800020024,Jean-Louis Scherrer,服装,男装,null,
1010012800020025,Gieves & Hawkes,服装,男装,null,
1010012800020026,雅阁诗丹,服装,男装,null,
1010012800020027,巴达萨里,服装,男装,null,
1010012800020028,GIVENCHY,服装,女装,null,
1010012800020029,ELIZABETH ARDEN,个护化妆,化妆品,null,
1010012800020030,PRCX,个护化妆,个人护理,null,
1010012800020031,Sooryehan,个护化妆,化妆品,null,
1010012800020032,CAMENAE,个护化妆,个人护理,null,
1010012800020033,THETSAIO,个护化妆,个人护理,null,
1010012800020034,Sisley,个护化妆,个人护理,null,
1010012800020035,KOSE,个护化妆,化妆品,null,
1010012800020036,佰草集,个护化妆,个人护理,null,
1010012800020037,LOREAL,个护化妆,个人护理,null,
1010012800020038,阿芙香薰,个护化妆,个人护理,null,
1010012800020039,C.B,个护化妆,个人护理,null,
1010012800020040,资生堂,个护化妆,个人护理,null,
1010012800020041,BVLGARI,其他,珠宝,null,
1010012800020042,莫施,个护化妆,化妆品,null,
1010012800020043,Giorgio Armani,个护化妆,个人护理,null,
1010012800020044,LANCOME,个护化妆,个人护理,null,
1010012800020045,GUERLAIN,个护化妆,化妆品,null,
1010012800020046,SK-II,个护化妆,个人护理,null,
1010012800020047,Dior,个护化妆,个人护理,null,
1010012800020048,娇韵诗,个护化妆,个人护理,null,
1010012800020049,FANCL无添加,个护化妆,个人护理,null,
1010012800020050,AUPRES,个护化妆,个人护理,null,
1010012800020051,Kasanrin,个护化妆,个人护理,null,
1010012800020052,CHANEL,个护化妆,个人护理,null,
1010012800020053,JurLique,个护化妆,个人护理,null,
1010012800020054,JurLique,个护化妆,个人护理,null,
1010012800020055,Parker,其他,学习用品,null,
1010012800020056,s.t.dupont,服装,女装,null,
1010012800020057,GIVENCHY,服装,女装,null,
1010012800020058,BOSS HUGO BOSS,服装,男装,null,
1010012800020059,CERRUTI 1881,其他,钟表,null,
1010012800020060,VERTU,电器,电子数码,null,
1010012800020061,豪度,其他,钟表,null,
1010012800020062,Tissot,其他,钟表,null,
1010012800020063,Elizabeth Arden,个护化妆,个人护理,null,
1010012800020064,DV Sebagh,个护化妆,个人护理,null,
1010012800020065,Versace,个护化妆,个人护理,null,
1010012800020066,TOMBOLINI,服装,男装,null,
1010012800020067,None,服装,女装,null,
1010012800030000,Marisfrolg,服装,女装,null,
1010012800030001,MICHELLE MOISSAC,服装,女装,null,
1010012800030002,MOJO.S PHINE,服装,女装,null,
1010012800030003,IMMOBILE,服装,女装,null,
1010012800030004,CAGLIARI EXCHANGE,服装,女装,null,
1010012800030005,M.TSUBOMI,服装,女装,null,
1010012800030006,JEFEN,服装,女装,null,
1010012800030007,KOREANO,服装,女装,null,
1010012800030008,米茜尔,服装,女装,null,
1010012800030009,例外,服装,女装,null,
1010012800030010,LAVINIA CLUB,服装,女装,null,
1010012800030011,silhouette labelle,服装,女装,null,
1010012800030012,She's,服装,女装,null,
1010012800030013,DELUXE AND VINCI,服装,女装,null,
1010012800030014,LANYOUTY,服装,女装,null,
1010012800030015,Lavinia,服装,女装,null,
1010012800030016,雾道,服装,女装,null,
1010012800030017,ZADA NINE,服装,女装,null,
1010012800030018,靓美婷,服装,女装,null,
1010012800030019,圣大保罗,服装,男装,null,
1010012800030020,L'appat,服装,女装,null,
1010012800030021,豪雅珠宝,其他,珠宝,null,
1010012800030022,和田玉,其他,珠宝,null,
1010012800030023,和田玉,其他,珠宝,null,
1010012800030024,福人德,其他,珠宝,null,
1010012800030025,福人德,其他,珠宝,null,
1010012800030026,鑫豪福,其他,珠宝,null,
1010012800030027,所神根,其他,珠宝,null,
1010012800030028,百利金,其他,珠宝,null,
1010012800030029,所神根,其他,珠宝,null,
1010012800030030,瑞恩,其他,珠宝,null,
1010012800030031,Jorya,服装,女装,null,
1010012800030032,梦妮尔丹,其他,珠宝,null,
1010012800030033,谢瑞麟,其他,珠宝,null,
1010012800030034,周大福,其他,珠宝,62569131,
1010012800030035,金至尊,其他,珠宝,null,
1010012800030036,JAFF,其他,珠宝,null,
1010012800030037,千禧之星,其他,珠宝,null,
1010012800030038,金象珠宝,其他,珠宝,null,
1010012800030039,Foeei Foeele,服装,箱包,null,
1010012800030040,LARWINER,其他,珠宝,null,
1010012800030041,闲云,服装,女装,null,
1010012800030042,斯琴,服装,女装,null,
1010012800030043,V.grass,服装,女装,null,
1010012800030044,BLLYN,服装,女装,null,
1010012800030045,诗篇,服装,女装,null,
1010012800030046,佩蒂帕恩,服装,女装,null,
1010012800030047,Jeep,服装,男装,15901455217,
1010012800030048,天意,服装,女装,null,
1010012800030049,Fidelite,服装,女装,null,
1010012800030050,阁兰秀,服装,女装,null,
1010012800030051,雅莹,服装,女装,62696248,
1010012800030052,KORADIOR,服装,女装,null,
1010012800030053,基格,服装,女装,null,
1010012800030054,AMASS,服装,女装,null,
1010012800030055,SALUTE,服装,女装,null,
1010012800030056,华歌尔,服装,女装,null,
1010012800030057,Aimer,服装,女装,null,
1010012800030058,黛安芬,服装,女装,null,
1010012800030059,欧迪芬,服装,女装,null,
1010012800030060,安莉芳,服装,女装,null,
1010012800030061,modelab,服装,女装,null,
1010012800030062,LA CLOVER,服装,女装,null,
1010012800030063,Masfer.Su,服装,女装,null,
1010012800030064,艾瑞美,服装,女装,null,
1010012800030065,欣姿芳,服装,女装,null,
1010012800030066,舒雅,服装,女装,null,
1010012800030067,浩沙,服装,女装,null,
1010012800030068,INSUN,服装,女装,null,
1010012800030069,MAXSTUDIO,服装,女装,null,
1010012800030070,Sinequanone,服装,女装,null,
1010012800030071,LIME FLARE,服装,女装,null,
1010012800030072,KANOJAO,服装,女装,null,
1010012800030073,SCFASHION,服装,女装,null,
1010012800030074,恒昌珠宝,其他,珠宝,null,
1010012800030075,Pana Pana,其他,珠宝,null,
1010012800040000,哥弟,服装,女装,null,
1010012800040001,YINER,服装,女装,null,
1010012800040002,Mozen,服装,女装,null,
1010012800040003,卡拉,服装,女装,null,
1010012800040004,SONG OF SONG,服装,女装,null,
1010012800040005,OLIVER GRANT,服装,女装,null,
1010012800040006,WHITE COLLAR,服装,女装,null,
1010012800040007,PORTS,服装,女装,null,
1010012800040008,庄子,服装,女装,null,
1010012800040009,靓诺,服装,女装,null,
1010012800040010,Dunnu,服装,女装,null,
1010012800040011,红香枫,服装,女装,null,
1010012800040012,mihana,服装,女装,null,
1010012800040013,AHNSIL,服装,女装,null,
1010012800040014,STELLA LUNA,服装,鞋,null,
1010012800040015,Joy&Peace,服装,女装,null,
1010012800040016,蹀愫,服装,女装,null,
1010012800040017,KISSCAT,服装,女装,null,
1010012800040018,TRIBECA,服装,女装,null,
1010012800040019,LANCY,服装,女装,null,
1010012800040020,menglong,服装,女装,null,
1010012800040021,Moreline,服装,女装,null,
1010012800040022,Finity,服装,女装,null,
1010012800040023,伟士,体育,体育用品,null,
1010012800040024,诗影,服装,女装,null,
1010012800040025,莱姿,服装,女装,null,
1010012800040026,声雨竹,服装,女装,null,
1010012800040027,依瑶,服装,女装,null,
1010012800040028,木真了,服装,女装,null,
1010012800040029,邢氏,服装,女装,null,
1010012800040030,赛斯特,服装,女装,null,
1010012800040031,EdenRose,服装,女装,null,
1010012800040032,Mihana,服装,鞋,null,
1010012800040033,Latin Mark,服装,女装,null,
1010012800040034,Melissa,服装,鞋,null,
1010012800040035,Kadina,服装,鞋,null,
1010012800040036,amanda,服装,女装,null,
1010012800040037,萨瑞儿,服装,鞋,null,
1010012800040038,郦妮,服装,女装,null,
1010012800040039,SHOW LONG,服装,女装,null,
1010012800040040,拿拉贝路丝,服装,女装,null,
1010012800040041,Gabor,服装,鞋,null,
1010012800040042,玫尔美,服装,女装,null,
1010012800040043,trasparenze,服装,女装,null,
1010012800040044,厚木,服装,女装,null,
1010012800040045,mara sakura,服装,女装,null,
1010012800040046,ECCO,服装,鞋,null,
1010012800040047,嘉宝,服装,鞋,null,
1010012800040048,STACCATO,服装,鞋,null,
1010012800040049,Ara,服装,鞋,null,
1010012800040050,24HRS,服装,鞋,null,
1010012800040051,Belle,服装,鞋,null,
1010012800040052,HISPANITAS,服装,鞋,null,
1010012800040053,achette,服装,鞋,null,
1010012800040054,CHRISDIEN DENY,服装,鞋,null,
1010012800040055,PATRICIA,服装,鞋,null,
1010012800040056,MEPHISTO,服装,鞋,null,
1010012800040057,Clarks,服装,鞋,null,
1010012800040058,MARJA KURKI,服装,女装,null,
1010012800040059,鄂尔多斯,服装,男装,null,
1010012800040060,兆君,服装,女装,null,
1010012800040061,米皇,服装,女装,null,
1010012800040062,帕罗,服装,女装,null,
1010012800040063,日神,服装,女装,null,
1010012800040064,皮尔卡丹,服装,男装,null,
1010012800040065,舒雅,服装,女装,null,
1010012800040066,None,服装,男装,null,
1010012800040067,Aimer,服装,女装,null,
1010012800040068,浩沙,体育,体育用品 ,null,
1010012800040069,圣歌鸟,服装,服装,null,
1010012800040070,Byford,服装,女装,null,
1010012800040071,恒源祥,服装,女装,null,
1010012800040072,珍贝,服装,女装,null,
1010012800040073,La Pagayo,服装,箱包,null,
1010012800040074,HR,个护化妆,个人护理,null,
1010012800040075,诺贝达,服装,鞋,null,
1010012800040076,爱思,服装,箱包,null,
1010012800040077,Guy Laroche,服装,箱包,null,
1010012800040078,Diss ona,服装,箱包,null,
1010012800040079,BRAUN BUFFEL,服装,箱包,null,
1010012800040080,凯撒,服装,男装,null,
1010012800040081,SATCHI,服装,男装,null,
1010012800040082,POWER LAND,服装,箱包,null,
1010012800040083,DUNLOP,体育,体育用品 ,null,
1010012800040084,圣伽步,服装,男装,null,
1010012800040085,策乐,服装,鞋,null,
1010012800040086,Gillivo,服装,箱包,null,
1010012800040087,eee,服装,鞋,null,
1010012800040088,GNC,其他,保健品,null,
1010012800040089,Dilaks,服装,箱包,null,
1010012800040090,赛斯特,服装,女装,null,
1010012800050000,Frognie Zila,服装,男装,null,
1010012800050001,CAESAR,服装,男装,null,
1010012800050002,SATCHI,服装,男装,null,
1010012800050003,NOTTING HILL,服装,男装,null,
1010012800050004,Luka DILONG,服装,男装,null,
1010012800050005,路卡迪龙,服装,男装,null,
1010012800050006,BOSSsunwen,服装,男装,null,
1010012800050007,Lozio,服装,男装,null,
1010012800050008,九牧王,服装,男装,null,
1010012800050009,依文,服装,男装,null,
1010012800050010,尼诺里拉,服装,男装,null,
1010012800050011,E.ORILKS,服装,女装,null,
1010012800050012,瓦尔德龙,服装,男装,null,
1010012800050013,GIVENCHY,服装,箱包,null,
1010012800050014,CELINE,服装,箱包,null,
1010012800050015,嘎帝尔,服装,男装,null,
1010012800050016,WOLSEY,服装,箱包,null,
1010012800050017,KALTENDIN,服装,男装,null,
1010012800050018,NEUBERLTN,服装,男装,null,
1010012800050019,VICUTU,服装,男装,null,
1010012800050020,GORNIA,服装,男装,null,
1010012800050021,恺王,服装,男装,null,
1010012800050022,雅戈尔,服装,男装,null,
1010012800050023,Bobbi Brown,个护化妆,个人护理,null,
1010012800050024,JONIKAS,服装,男装,null,
1010012800050025,仕东利,服装,男装,null,
1010012800050026,卡尔蒂尼,服装,男装,null,
1010012800050027,庄子,服装,女装,null,
1010012800050028,PERSEPHONE,服装,男装,null,
1010012800050029,SAINTPAULON,服装,男装,null,
1010012800050030,CAPEL,服装,男装,null,
1010012800050031,报喜鸟,服装,男装,null,
1010012800050032,皮尔卡丹,服装,男装,null,
1010012800050033,罗马世家,服装,男装,null,
1010012800050034,Jeep,服装,男装,null,
1010012800050035,ZIPPO,服装,男装,null,
1010012800050036,Hash Puppies,服装,鞋,null,
1010012800050037,Canudilo,服装,男装,null,
1010012800050038,Liemoch,服装,箱包,null,
1010012800050039,NINO FERLETTI,服装,男装,null,
1010012800050040,Massalati,服装,男装,null,
1010012800050041,SOSSE,服装,男装,null,
1010012800050042,雅戈尔,服装,男装,null,
1010012800050043,GAOPIN Golf,体育,体育用品,null,
1010012800050044,Lacoste,服装,男装,null,
1010012800050045,NAUTICA,服装,男装,null,
1010012800050046,SANTA BARBARA,服装,箱包,null,
1010012800050047,Timberland,服装,鞋,null,
1010012800050048,CAMEL ACTIVE,服装,鞋,null,
1010012800050049,普顿,服装,男装,null,
1010012800050050,虎都,服装,男装,null,
1010012800050051,Hush Puppies,服装,鞋,null,
1010012800050052,Season Lano,服装,男装,null,
1010012800050053,Jeep,服装,男装,null,
1010012800050054,SATCHI,服装,男装,null,
1010012800050055,Jeep,服装,男装,null,
1010012800050056,BOSSsunwen,服装,男装,null,
1010012800050057,林宝坚尼,服装,箱包,null,
1010012800050058,Desfone,服装,男装,null,
1010012800050059,JAGUAR,个护化妆,个人护理,null,
1010012800050060,DANIEL HECHTER,服装,箱包,null,
1010012800050061,AEEIKO,服装,箱包,null,
1010012800050062,LONDON FOG,服装,男装,null,
1010012800050063,FENGFEI-Z,服装,男装,null,
1010012800050064,观奇洋服,服装,男装,null,
1010012800050065,s.t.dupont,服装,箱包,null,
1010012800050066,mister,服装,箱包,null,
1010012800050067,MELCHNER,服装,男装,null,
1010012800050068,Pierre Cardin,服装,鞋,null,
1010012800050069,SATCHI,服装,男装,null,
1010012800050070,BOSSsunwen,服装,男装,null,
1010012800050071,利奥纳多,服装,男装,null,
1010012800050072,CHRISDIEN DENY,服装,男装,null,
1010012800050073,Crown,服装,箱包,null,
1010012800050074,喜来登,服装,男装,null,
1010012800050075,ZOTENO,服装,男装,null,
1010012800050076,None,服装,男装,null,
1010012800050077,捷尼凯诗,服装,男装,null,
1010012800060000,乔山按摩椅\跑步机,体育,体育用品,null,
1010012800060001,YONEX,体育,运动装,null,
1010012800060002,Mizuno,体育,运动装,null,
1010012800060003,LOWA,体育,运动装,null,
1010012800060004,哥伦比亚,体育,运动装,null,
1010012800060005,The North Face,体育,运动装,null,
1010012800060006,adidas,体育,运动装,null,
1010012800060007,Fila,体育,运动装,null,
1010012800060008,CONVERSE,体育,运动装,null,
1010012800060009,Nike,体育,运动装,null,
1010012800060010,HEATWAVE,服装,男装,null,
1010012800060011,浩沙,体育,体育用品 ,null,
1010012800060012,Speedo,体育,运动装,null,
1010012800060013,李宁,体育,运动装,null,
1010012800060014,探路者,体育,运动装,null,
1010012800060015,ECCO,体育,运动装,null,
1010012800060016,颂拓,其他,钟表,null,
1010012800060017,Ozark,体育,运动装,null,
1010012800060018,诺诗兰,体育,运动装,null,
1010012800060019,Hanwag,体育,运动装,null,
1010012800060020,blackyak,体育,运动装,null,
1010012800060021,KAILAS,体育,体育用品 ,null,
1010012800060022,Crocs,服装,女装,null,
1010012800060023,Phiten,服装,女装,null,
1010012800060024,adidas,体育,运动装,null,
1010012800060025,Nike,体育,运动装,null,
1010012800060026,列维士,其他,家纺,null,
1010012800060027,Apple专卖,电器,电子数码,null,
1010012800060028,Lee,服装,男装,null,
1010012800060029,JACK&JONES,服装,男装,null,
1010012800060030,渔,服装,女装,null,
1010012800060031,AIGLE,体育,运动装,null,
1010012800060032,Jack Wolfskin,体育,运动装,null,
1010012800060033,treksta,体育,运动装,null,
1010012800060034,KROCEUS,服装,男装,null,
1010012800060035,Actionfox,体育,体育用品,null,
1010012800060036,Ochirly,服装,女装,null,
1010012800060037,ESPRIT,服装,女装,null,
1010012800060038,NICI,其他,工艺品,null,
1010012800060039,Hush Puppies,服装,男装,null,
1010012800060040,OCHIRLY,服装,女装,null,
1010012800060041,伊丝艾拉,服装,女装,null,
1010012800060042,COTTON REPUBLIC,服装,女装,null,
1010012800060043,芬狄诗,服装,女装,null,
1010012800060044,imi’s,服装,女装,null,
1010012800060045,海盗船,服装,男装,null,
1010012800060046,ONLY,服装,女装,null,
1010012800060047,Five Plus,服装,女装,null,
1010012800060048,Marie n' Mary,服装,女装,null,
1010012800060049,TRIBECA,服装,女装,null,
1010012800060050,VERO MODA,服装,女装,null,
1010012800070000,梦洁,其他,家纺,null,
1010012800070001,CALVIN KLEIN,其他,家纺,null,
1010012800070002,WENTEX,其他,家纺,null,
1010012800070003,喜来登,其他,家纺,null,
1010012800070004,佳丽斯,其他,家纺,null,
1010012800070005,Casablanca,其他,家纺,null,
1010012800070006,恐龙纺织,其他,家纺,null,
1010012800070007,以旺,其他,家纺,null,
1010012800070008,以旺,其他,家纺,null,
1010012800070009,ESPRIT HOME,其他,家纺,null,
1010012800070010,罗卡芙,其他,家纺,null,
1010012800070011,提籁雅,其他,家纺,null,
1010012800070012,依娜,其他,家纺,null,
1010012800070013,馨亭,其他,家纺,null,
1010012800070014,LEXINGTON,其他,家纺,null,
1010012800070015,FRETTE,其他,家纺,null,
1010012800070016,逸品嘉诗,其他,家纺,null,
1010012800070017,琉园,其他,工艺品,null,
1010012800070018,FRANZ,其他,工艺品,null,
1010012800070019,Villeroy&Boch,其他,工艺品,null,
1010012800070020,宜龙艺术陶瓷,其他,工艺品,null,
1010012800070021,米兰菲丽,个护化妆,个人护理,null,
1010012800070022,内野,儿童母婴,家纺,null,
1010012800070023,利奥纳多,服装,男装,null,
1010012800070024,乐美雅,其他,工艺品,null,
1010012800070025,BOHEMIA,其他,工艺品,null,
1010012800070026,象印,儿童母婴,母婴用品,null,
1010012800070027,Tiger,其他,厨具,null,
1010012800070028,米技,其他,厨具,null,
1010012800070029,喜力特,其他,厨具,null,
1010012800070030,Lagostina,其他,厨具,null,
1010012800070031,zwilling,其他,厨具,null,
1010012800070032,Fissler,其他,厨具,null,
1010012800070033,OQO,其他,厨具,null,
1010012800070034,liven,儿童母婴,母婴用品,null,
1010012800070035,Vidsel,其他,厨具,null,
1010012800070036,钟表,其他,钟表,null,
1010012800070037,BOSE,电器,家用电器,null,
1010012800070038,大型家电,电器,家用电器,null,
1010012800070039,BRAUN,电器,家用电器,null,
1010012800070040,Panasonic,电器,电子数码,null,
1010012800070041,亚都,电器,电子数码,null,
1010012800070042,瑞而士健康屋,体育,体育用品,null,
1010012800070043,OSIM,电器,电子数码,null,
1010012800070044,Panasonic,电器,电子数码,null,
1010012800070045,OMRON,电器,电子数码,null,
1010012800070046,三和松石,体育,体育用品,null,
1010012800070047,便利电,电器,电子数码,null,
1010012800070048,电视,电器,电子数码,null,
1010012800070049,SONY,电器,电子数码,null,
1010012800070050,Canon,电器,电子数码,null,
1010012800070051,联想,电器,电子数码,null,
1010012800070052,DorDor Horse,服装,儿童装,null,
1010012800070053,peek.a.boo,儿童母婴,儿童用品,null,
1010012800070054,海威迩,儿童母婴,母婴用品,null,
1010012800070055,MoonStar,服装,儿童装,null,
1010012800070056,变形金刚,儿童母婴,儿童用品,null,
1010012800070057,Naturino,服装,儿童装,null,
1010012800070058,LEGO,儿童母婴,儿童用品,null,
1010012800070059,Gormiti,儿童母婴,儿童用品,null,
1010012800070060,凯利特,儿童母婴,儿童用品,null,
1010012800070061,森贝儿家族,儿童母婴,儿童用品,null,
1010012800070062,TOMICA,儿童母婴,儿童用品,null,
1010012800070063,迪士尼,儿童母婴,儿童用品,null,
1010012800070064,文具,其他,学习用品,null,
1010012800070065,银辉,儿童母婴,儿童用品,null,
1010012800070066,Barbie,儿童母婴,儿童用品,null,
1010012800070067,FisherPrice,儿童母婴,儿童用品,null,
1010012800070068,利快,儿童母婴,儿童母婴,null,
1010012800070069,WOLL,其他,厨具,null,
1010012800070070,多样屋,儿童母婴,母婴用品,null,
1010012800070071,Apple,电器,电子数码,null,
1010012800070072,爱国者,电器,电子数码,null,
1010012800070073,SONY,电器,电子数码,null,
1010012800070074,SAMSUNG,电器,电子数码,null,
1010012800070075,手机,电器,电子数码,null,
1010012800070076,中国联通,电器,电子数码,null,
1010012800070077,芙儿优,儿童母婴,母婴用品,null,
1010012800070078,英吉利那,儿童母婴,母婴用品,null,
1010012800070079,I-Baby,儿童母婴,儿童用品,null,
1010012800070080,chicco,儿童母婴,母婴用品,null,
1010012800070081,好孩子,儿童母婴,母婴用品,null,
1010012800070082,Infancee,儿童母婴,母婴用品,null,
1010012800070083,Calisse,服装,儿童装,null,
1010012800070084,Gennie’s,儿童母婴,母婴用品,null,
1010012800070085,O.C.T.mami,儿童母婴,母婴用品,null,
1010012800070086,Hallmark Babies,服装,儿童装,null,
1010012800070087,英氏,服装,儿童装,null,
1010012800070088,AIMER KIDS,服装,儿童装,null,
1010012800070089,丽婴房,服装,儿童装,null,
1010012800070090,拉比,服装,儿童装,null,
1010012800070091,NUK,儿童母婴,母婴用品,null,
1010012800070092,mastela,儿童母婴,儿童用品,null,
1010012800070093,Senbodulun,服装,儿童装,null,
1010012800070094,童装,服装,儿童装,null,
1010012800070095,adidas kids,服装,儿童装,null,
1010012800070096,水孩儿,服装,儿童装,null,
1010012800070097,安奈儿,服装,儿童装,null,
1010012800070098,安踏儿童,服装,儿童装,null,
1010012800070099,派克兰帝,服装,儿童装,null,
1010012800070100,常春藤,服装,儿童装,null,
1010012800070101,NIKE KIDS,服装,儿童装,null,
1010012800070102,Levi's Kids,服装,儿童装,null,
1010012800070103,ELLE Kids,服装,儿童装,null,
1010012800070104,ELAND KIDS,服装,儿童装,null,
1010012800070105,KENZO KIDS,服装,儿童装,null,
1010012800070106,BOSS HUGO BOSS,服装,男装,null,
1010012800070107,AIMER KIDS,服装,儿童装,null,
1010012800070108,贝登堡首创馆,其他,工艺品,null,
1010012800070109,洪恩,其他,教育,null,
1010012800080000,吉野家,餐饮,快餐,null,
1010012800080001,坛子村韩国料理,餐饮,正餐,82676165,
1010012800080002,怡优美,其他,珠宝,null,
1010012800080003,凤祥甜品,餐饮,甜品,null,
1010012800080004,荣寿司,餐饮,正餐,82676169,
1010012800080005,面爱面,餐饮,正餐,82617084,
1010012800080006,祺海轩涮功坊,餐饮,正餐,62696728,
1010012800080007,听雪轩茶坊,其他,保健品,null,
1010012800080008,当代商城会员俱乐部,其他,俱乐部,null,
1010012800080009,鼎泰丰,餐饮,正餐,62696726,
1010012800080010,办公区,其他,办公,null,
