PID,Displayname,Tag1,Tag2,Phone,Story
1010012800010000,食品,餐饮,零食,,
1010012800010001,食品,餐饮,零食,,
1010012800010002,茶叶,其他,保健品,,
1010012800010003,MILAN GOLD,餐饮,零食,,
1010012800010004,特百惠,儿童母婴,母婴用品,,特百惠公司（Tupperware Brands Corporation），塑料保鲜容器厂家，总部在美国。目前，特百惠公司已经在全球设有70多家分公司，并在美国、法国、澳大利亚、日本、韩国、中国等15个国家设有分厂。
1010012800010005,当代药房,其他,保健品,,
1010012800010006,同仁堂,其他,保健品,,同仁堂，是提起中药，许多人都不约而同会想到三个字。同仁堂（原名同仁堂药室，同仁堂药铺）是乐显扬创建于中国清朝康熙八年（1669年）的一家药店。
1010012800010007,VICHY,个护化妆,个人护理,,薇姿（VICHY）是全球专业敏感肌护肤领先品牌。欧莱雅集团旗下品牌，法国三大药妆品牌之一，薇姿一直关注于美丽，并倡导健康引导美丽，且不断探索创新。针对不同类型的皮肤，提供具有不同特点的系列产品，以达到绝佳效果。
1010012800010008,优色林,个护化妆,个人护理,,1911年，优色林作为医学护肤品正式由德国拜尔斯道夫集团（Beiersdorf AG.）引进发售。
1010012800010009,雅漾,个护化妆,个人护理,,雅漾源于法国西南地区塞文山脉中的一个古老温情的小镇。它海拔350米，坐落于欧伯山谷之中， L'Espinouse 和 L'Escandorgue两山中间，距地中海80公里处。1736年时，由一匹马发现了Avène活泉水的特性。
1010012800010010,生命阳光,个护化妆,个人护理,,
1010012800010011,同仁堂,其他,保健品,,同仁堂，是提起中药，许多人都不约而同会想到三个字。同仁堂（原名同仁堂药室，同仁堂药铺）是乐显扬创建于中国清朝康熙八年（1669年）的一家药店。
1010012800010012,集品堂,其他,保健品,,成立于1999年的集品堂食品有限公司，是一家专业经营高档滋补食材的运营商。秉承“营养源自天然”的健康滋补理念和“料选精品，天然纯正”的运营标准，向消费者推广正统的食补文化并提供优质的滋补食材。
1010012800010013,启泰药业,其他,保健品,,
1010012800010014,食品,餐饮,零食,,
1010012800010015,家庭日常用品,儿童母婴,儿童母婴,,
1010012800010016,优之良品,餐饮,零食,,大型零食批发及零售连锁店。主要售卖小食、糖果、凉果等。现时优之良品在亚洲、欧洲及美洲均设有其分店。在2007年1月，优之良品有700多名员工，在海外约有150间加盟店。
1010012800010017,宝明堂,其他,保健品,,
1010012800010018,上品堂,其他,保健品,,上品堂是1998年推出的海参产品品牌。品牌涵盖“纯干海参”、“即食海参”、“鲜食海参”等多样产品。前世界足球先生、欧洲足球先生路易斯菲戈正式成为“上品堂”海参的形象代言人。
1010012800010019,食尚森活,餐饮,零食,,
1010012800010020,林银杏,餐饮,零食,,
1010012800010021,Leonidas Kestekides,餐饮,零食,,
1010012800010022,稻香村,餐饮,零食,01062512088,北京稻香村始建于1895年（清光绪21年），位于前门外观音寺，南店北开，前店后厂，很有特色，（时称“稻香村南货店”），是京城生产经营南味食品的第一家，1926年被迫关张，1984 年年初复业，至今有30多家直营店和100多家加盟店、一个食品配送中心、一个14万平方米的中心工厂和一个4万平方米的原料加工基地的规模，生产中西糕点、熟食制品、速冻食品、休闲小食品等十二个系列的400多个品种，年销售收入达40亿元。
1010012800010023,贝印,个护化妆,个人护理,,"贝印-在日本已拥有近百年的悠久历史,作为国际知名品牌,其商品分为：高级专业用剪（分高档成衣剪、理发剪两种）、剃刀（男、女）、美妆用品、家庭用品、医疗手术刀（尖端科技领域中）,凭借着优良的品质,销售网络遍及世界许多国家。占有一定的市场份额,并得到广大消费者的认可,拥有强大的市场竞争力。 中国是目前世界上最大的消费市场之一,随着中国市场的不断扩大,贝印于2000年4月成立了上海贝印贸易有限公司,专门负责中国市场的开拓与销售。 贝印的开拓和深入人心将使其扎根并活跃于中国市场。"
1010012800010024,DIAN,其他,家纺,,
1010012800010025,依诗家,其他,家纺,,依诗家是金号集团为实现综合家纺旗舰企业的战略目标而发展的高端品牌。
1010012800010026,康维他,其他,保健品,01062696014,公司成立之初，决计努力于“绝不消费本人没有百分之百自信心的产品”，这个目标 不断坚持至今。叁十多年以来，康维他把留意力依然放在提供一系列以质量、平安和有效而著称于世的保健产品。经过这些年的理论，我们对质量的承诺不断是实真实在的。今天我们一如既往直接从世界上最清洁的雨林和新西兰牧场收获高质量的自然原料。我们在消费的各个阶段运\\\用先进的技术。确保消费全过程坚持自然精髓的均衡。最终的结果是，您可放心用我们老实消费的一系列产品，满足您的需求。
1010012800010027,极草,其他,保健品,,极草・5X冬虫夏草系列产品是由青海春天药用资源科技利用有限公司按照创立的极草5X冬虫夏草体系，对冬虫夏草物理加工领域的最高科技成果，从而开启了冬虫夏草高效利用的新时代。2010年12月7日，极草的标准经国家批准成为国家冬虫夏草行业标准，《冬虫夏草中药饮片炮制规范》颁布。
1010012800010028,脉葆野山菌,餐饮,正餐,01088865728,
1010012800010029,私房小厨,餐饮,正餐,,1989年，以一台铁车伴随叫卖声走遍宝岛的大街小巷・.....今天，在台湾、大陆、香港、日本、欧美等地或华人超市皆设有“私房小厨”直营店及经销商、临时展售点，主要分布在各大量贩店、百货商店街等专卖店。
1010012800010030,烟酒茶叶,其他,保健品,,
1010012800010031,季诺意式休闲餐厅,餐饮,正餐,01062628707,
1010012800020000,COSTA COFFEE,餐饮,咖啡厅,01062562385,1971年，在伦敦Lambeth，Costa兄弟Bruno和Sergio创立了他们著名的咖啡豆烘焙工场，将传统的意式烘焙法加以缓慢处理，制作出令人兴奋的咖啡，供应本地餐饮机构与意式咖啡专营店。人们对这种咖啡钟爱有加，终于在1978年，第一家Costa espresso bar在伦敦Vauxhall Bridge Road宣告诞生。时至今日，我们仍沿用这一经典的缓慢烘焙工艺，并传承兄弟俩将Arabica咖啡豆与Robusta咖啡豆按6:1混合的方法，制作出绝妙的咖啡，供应全球1000多家意式咖啡吧。
1010012800020001,Pana Pana,其他,珠宝工艺品,,PANAPANA于1986年诞生于被誉为“浪漫的艺术之都”的意大利米兰，产品涵盖南非钻石、有色宝石、K金饰品等多种品类，忠实的承袭了欧洲文化的精髓。品质优良的原材料、著名设计师的无限创意与灵感、一流工匠的精雕细琢在PANAPANA幻化成一件件构思精巧、造型独、特品质优良的首饰，为爱美的女性将梦想变为现实。
1010012800020002,LANCEL,其他,箱包,,Lancel （兰姿） 是有着百年历史的法国箱包品牌，以它贵族化的设计理念，为彰显地位、亮明身份的人士源源不断地创造出款款新包。兰姿 (Lancel) 既保持了传统的风格，又使品牌更富有时代感。兰姿 (Lancel) 高雅时尚型主要以蟒纹、鸵鸟、鳄鱼等纹样为主
1010012800020003,万宝龙,其他,手表,,Montblanc International (GmbH) 万宝龙国际是历峰集团旗下位于德国的一家精品钢笔、手表与配件的制造商。以「白色六角星」商标作为识别。
1010012800020004,Cartier,其他,珠宝工艺品,,卡地亚（Cartier SA）是一间法国钟表及珠宝制造商，于1847年由Louis-Fran?ois Cartier在巴黎Rue Montorgueil 31号创办。1874年，其子亚法・卡地亚继承其管理权，由其孙子路易・卡地亚、皮尔・卡地亚与积斯・卡地亚将其发展成世界著名品牌。现为瑞士历峰集团（Compagnie Financière Richemont SA）下属公司。1904年曾为飞机师阿尔拔图・山度士・度门设计世界上首只戴在手腕的腕表――卡地亚山度士腕表 （Cartier Santos）。
1010012800020005,LANCEL,服装,箱包,,Lancel （兰姿） 是有着百年历史的法国箱包品牌，以它贵族化的设计理念，为彰显地位、亮明身份的人士源源不断地创造出款款新包。兰姿 (Lancel) 既保持了传统的风格，又使品牌更富有时代感。兰姿 (Lancel) 高雅时尚型主要以蟒纹、鸵鸟、鳄鱼等纹样为主
1010012800020006,SAMSON,服装,箱包,,
1010012800020007,TUMI,服装,箱包,,1975 年，当TUMI品牌的创始人Mr.Charlie Clifford作为美国和平部队的成员驻守南美洲期间，他以秘鲁神灵之名作为公司的名字。30年来，TUMI为各地终日奔波的人士提供近乎完美的旅行产品。到了今天，TUMI已经成为生产高档旅行系列、商务用品以及配件的领先者。它的成功有赖于坚持不懈的关注产品的设计理念、功能以及技术革新。
1010012800020008,CASIO,其他,钟表,,卡西欧品牌源于日本，创业之始是为计算机制造商的卡西欧计算机股份有限公司，现已发展拥有计算器、电子表、电子乐器、液晶电视等产品。这些产品帮助世界各地的人们获取信息、卡西欧的经营理概念是“贡献、创造”。 
1010012800020009,FESTINA,其他,钟表,,
1010012800020010,爱骏达,其他,钟表,,远于1850年，瑞士制表大师 ARRIGO ARGENTI 以精湛的珠宝工艺，融合钟表科技，铸造出精准的腕表，声明显赫
1010012800020011,ERNEST BOREL,其他,钟表,,
1010012800020012,Hamilton,其他,钟表,,
1010012800020013,西铁城,其他,钟表,,全球知名腕表品牌西铁城，以为全世界全体公民提供高档次的产品和高水准的服务为使命，希望通过“为市民所喜爱，为市民所亲近”的产品，为全人类的美好生活做贡献。作为一家庞大的跨国企业，西铁城集团在日本设有46家企业，日本海外设有64家分公司，全球合计110家分公司。一直以来，秉承永不止步的创新精神和不断向未来挑战的品牌理念，西铁城始终行进在国际腕表行业的领先地位。
1010012800020014,SULTANA,其他,钟表,,
1010012800020015,英纳格,其他,钟表,,英纳格（ENICAR）起源于1854年一家古老的瑞士钟表手工制造作坊。ENICAR的名字，便是由RACINE家族，将其姓名倒转过来写而得名，籍以代表其家族百年以来代代相传精湛工艺的优良传统。英纳格是瑞士钟表业历史上的重要始祖，早于1910年，英纳格所出产的陀表，因其精准度而备受推崇。1988年，英纳格被香港华明行收购，但依然在瑞士进行生产。
1010012800020016,MIDO,其他,钟表,,"美度表由George Schaeren于1918年在瑞士苏黎士创立。今天美度表公司总部坐落于瑞士Jura山脉中心的勒克勒尔(Le Locle)小镇。美度表的名字源于西班牙语“Yo mido”,意为“我衡量”。它意在制造一块能成为你亲密朋友的手表，美度表的制表哲学是永恒设计和实用功能相结合而不是追随潮流。旨在制造出一块拥有高品质的材料、精准的机芯并具有卓越防水性能可长时间拥有的手表。美度隶属于世界最大的手表制造和销售商―瑞士斯沃琪集团。主要分布在瑞士、法国、德国、意大利、美国、维尔京群岛、泰国、马来西亚和中国。"
1010012800020017,TITONI,其他,钟表,,远在1851年，精密制表工业便在瑞士格林肯萌芽发展。许多世界著名的表厂纷纷成立，为瑞士格林肯奠定了经济基础，TITONI梅花表便是其一。瑞士梅花表厂是典型的瑞士表厂，于1919年由史洛普家族在格林肯成立，相传三代，至今依然由史洛普家族所拥有及经营，是现今极少有的独立家族制表企业，为瑞士制表工业做出了极大的贡献。
1010012800020018,SWAROVSKI,其他,珠宝工艺品,,施华洛世奇 （SWAROVSKI）是世界上首屈一指的仿水晶制造商，每年为时装、首饰及水晶灯等工业提供大量优质的切割水晶石。同时施华洛世奇也是以优质、璀璨夺目和高度精确的仿水晶和相关产品闻名于世的仿水晶工艺品品牌。
1010012800020019,OMEGA,其他,钟表,,欧米茄（OMEGA）是国际著名制表企业和品牌，英文名omega，代表符号“Ω”。由路易士・勃兰特始创于1848 年，欧米茄标志着制表历史上的光辉成就，傲视同侪，相当精致
1010012800020020,RADO,其他,钟表,,
1010012800020021,TAGHEUER,其他,钟表,,
1010012800020022,LONGINES,其他,钟表,,浪琴（LONGINES）是一个由欧内斯特富兰西林在瑞士的圣艾米尔成立的公司。它的起源可以追述到19世纪30年代，浪琴还拥有最古老的表类注册商标（一个带翅膀的沙漏）。浪琴公司属于瑞士斯沃琪集团。浪琴以它的“飞行家”表而著名，是世界上高档名表之一。
1010012800020023,名士,其他,钟表,,名士，拥有183年历史，总部位于日内瓦的瑞士制表世家名士 (Baume & Mercier) 始终秉持 “唯美主义，只制造品质最上乘的腕表”的座右铭，坚持创作经典永恒的腕表系列，成为至臻完美的典范。作为入门级奢华腕表的代表品牌，名士与人们挚诚分享来自布鲁涅特 (Les Brenets) 制表工坊的品牌文化与制表技术，坚定不移地传达独特品牌理念：“凝聚珍贵时刻” (Life is about Moments)。
1010012800020024,Jean-Louis Scherrer,服装,男装,,
1010012800020025,Gieves & Hawkes,服装,男装,,GIEVES & HAWKES (君皇仕) 位于伦敦塞维尔街一号，是由两间公司 GIEVES 和 HAWKES 合并而成的英国男装奢侈品牌，二百多年来为英国及皇室提供服装服务。
1010012800020026,雅阁诗丹,服装,男装,,成立於1851年，来自英国伦敦的雅格狮丹是时装界永恒经典的象征。凭借优雅、时尚的服装设计及伟大的技术发明，雅格狮丹扬名国际，在时装界掀起革命。雅格狮丹以经典、优雅不凡的英伦风格、精致的工艺及优良的信誉而驰名世界。现为YGM贸易有限公司旗下品牌。
1010012800020027,巴达萨里,服装,男装,,
1010012800020028,GIVENCHY,服装,女装,,Givenchy，来自法国的时装品牌，纪梵希最初以香水为其主要产品，后开始涉足护肤及彩妆事业。该企业品牌在世界品牌实验室（World Brand Lab）编制的2006年度《世界品牌500强》排行榜中名列第四百一十一。
1010012800020029,ELIZABETH ARDEN,格化化妆,化妆品,,伊利莎白雅顿（Elizabeth Arden）在美容界享有很高的声誉，有人称雅顿为众香之巢―“美是自然和科学的结晶”。 雅顿的产品线包括护肤保养品、彩妆、香水等，雅顿不断攀升的业绩及来自世界各地的认同使它已成为一个全球知名的化妆品名牌。 Elizabeth Arden是1960年在美国建立的品牌，以香水为主，化妆品只占业务的一小部分。旗下除了Elizabeth Arden这个品牌以外，还有一个著名的香水品牌Elizabeth Taylor。
1010012800020030,PRCX,个护化妆,个人护理,,
1010012800020031,Sooryehan,个护化妆,化妆品,,
1010012800020032,CAMENAE,个护化妆,个人护理,,CAMENAE嘉媚乐自2003年面世以来，不断为消费者提供优质的精油产品，在精油护肤领域获得非凡的成绩，以品质赢得消费者的信赖和喜爱。嘉媚乐以“精油添加”为产品特色，是一个追求美丽，传播幸福的民族企业
1010012800020033,THETSAIO,个护化妆,个人护理,,
1010012800020034,Sisley,个护化妆,个人护理,,sisley诞生于充满浪漫气息的法国，在1976年由法国修伯特．多纳诺伯爵创立，以当时欧洲最新的植物美容学为基础，成功地研创出来的植物性护肤品牌。在全球都享有盛誉，是护肤品中尊贵与优雅的经典代表。sisley所有产品均以植物萃取精华与植物香精油作为主要成分，配以独特配方研制而成，并坚持产品在上市前必须经过300名皮肤科医师的测试，包装上必须名符其实地被许可标示“经过敏与敏感测试”及出自法国原厂。
1010012800020035,KOSE,个护化妆,化妆品,,初期以代理其他美容化妆品牌为主，1948年开始发展自己的品牌，由创办者小林孝三郎结合化学与药学人士于1946年创立
1010012800020036,佰草集,个护化妆,个人护理,,由于公司美加净、六神等大流通产品与佰草集、高夫等中高端细分化产品在批量、计划、采购、生产等方法迥异，而附加值高的后者发展迅速，因而家化在2009年对生产基地进行了重新规划和部署，采用两条供应链，中央工厂仅用于生产佰草集、高夫、双妹等产品。而从2009年开始，原中央工厂中大流通产品的生产逐步迁到吴江市黎里沪江日用化学品厂（下称“沪江日化”）为主的OEM工厂，主要为六神和美加净产品生产加工。
1010012800020037,LOREAL,个护化妆,个人护理,,欧莱雅集团世界美妆品行业中的的领导者，经营范围遍及130多个国家和地区，在全球拥有283家分公司、42家工厂、100多个代理商，以及5万多名的员工，是总部设于法国A跨国公司，也是财富全球500强企业之一。
1010012800020038,阿芙香薰,个护化妆,个人护理,,阿芙精油是一家以精油为主导的化妆品公司，经过几年的发展，已经覆盖全国一二线城市的顶级商场，累计设有上百家形象专柜。AFU 阿芙精油品牌，是精油和植物护理品界的全球合作典范，由希腊AFAROTIZA公司提供技术，法国FCWLI 集团负责研发和检测，北京茂思商贸有限公司负责中国地区的运营及推广。 阿芙精油包含：单方精油、复方油、基础油以及含精油添加成分的护肤品。
1010012800020039,C.B,个护化妆,个人护理,,
1010012800020040,资生堂,个护化妆,个人护理,,SHISEIDO资生堂来自日本，是创始于1872年的高端化妆品品牌，一直致力于对美的追求。资生堂官方网上商城为您提供：护肤、防晒、彩妆、男士等产品信息和美颜方案。
1010012800020041,BVLGARI,其他,珠宝工艺品,,意大利的宝格丽，是继法国卡地亚和美国蒂芙尼之后的世界第三大珠宝品牌。宝格丽在首饰生产中以色彩为设计精髓，独创性地用多种不同颜色的宝石进行搭配组合，再运用不同材质的底座，以凸显宝石的耀眼色彩。
1010012800020042,莫施,个护化妆,化妆品,,相信生活必须是：mild 温和的，organic 有机的，scientific 科学的，cheery 愉快的，healthy 健康的，这是他们的生活风格。由此，他们组合发明了一个新单词“Mosch”。要把它翻译成中文并不容易，其核心理念是“温和的对待自己的身体和身边的自然，有意识地给他人快乐，传递善意，这个环境将变得越来越健康。” 他们称自己为Moschner，坚持Mosch 生活方式的实践。
1010012800020043,Giorgio Armani,个护化妆,个人护理,,
1010012800020044,LANCOME,个护化妆,个人护理,,兰蔻诞生于1935年的法国，是由Armand Petitjean（阿曼达・珀蒂让）创办的品牌。作为全球知名的高端化妆品品牌，兰蔻涉足护肤、彩妆、香水等多个产品领域，主要面向教育程度、收入水平较高，年龄在25～40岁的成熟女性。
1010012800020045,GUERLAIN,个护化妆,化妆品,,"娇兰（Guerlain）：成立于1828年，主营香水、化妆品及保养品。是酩悦・轩尼诗－路易・威登集团（Mo?t Hennessy - Louis Vuitton, LVMH Group）旗下的产品。"
1010012800020046,SK-II,个护化妆,个人护理,,SK-II35年专注于亚洲肌肤研究，以“晶莹剔透”为品牌理念，专利成分Pitera带给成千上万女性肌肤的奇迹蜕变。是目前在日本、香港、台湾、东南亚、韩国及中国等亚洲地区深受欢迎的护肤品牌。
1010012800020047,Dior,个护化妆,个人护理,,迪奥（Dior），由法国时装设计师克里斯汀・迪奥（Christian Dior）于1946年创于巴黎，是世界著名的时尚消费品牌。主要经营女装、男装、首饰、香水、化妆品等高档消费品。亦为全球的高级时尚品牌控股公司――LVMH路易威登集团的子公司。
1010012800020048,娇韵诗,个护化妆,个人护理,,娇韵诗公司成立于1954年，是法国美容界的著名品牌。它的崛起不同于那些由流行服饰起家的化妆品牌，也有别于一般由脸部护肤开始发展的保养品，当大多数品牌将身体保养品列为较晚发展的项目时，娇韵诗却已经以非常完整的身体保养系列为自己在市场上找到明确的定位，并奠定了品牌基础。在娇韵诗的经营理念中，产品的开发设计一直以顾客的需求为主。娇韵诗已开发出细致肌肤护理、特造曲线护理、调和曲线护理、舒爽护理、特殊身体护理、香醒露系列以及美胸护理等，总共30余种不同的保养品系列，带动美体保健新潮。娇韵诗很早便从与消费者的沟通中，了解到女性会因工作时间及家庭压力的增加而缩短护肤时间，因此不用按摩的瘦身产品将大为风行，于是，娇韵诗率先推出纤体精华露方便忙碌的女性。
1010012800020049,FANCL无添加,个护化妆,个人护理,,
1010012800020050,AUPRES,个护化妆,个人护理,,是舶来品和民族品牌的有效融合。1994年1月诞生于中国。具有“伴你左右”含义的欧珀莱产品，秉承资生堂“高品质、高服务、高形象”的企业文化理念，引进日本资生堂的先进技术和科学的经营管理方法，旨在缔造一流的、具高知名度、高品质的“AUPRES欧珀莱”美容品。欧珀莱商标中英文的注册地均是中国，品牌的使用权则属于中日合资企业――资生堂丽源化妆品有限公司。
1010012800020051,Kasanrin,个护化妆,个人护理,,
1010012800020052,CHANEL,个护化妆,个人护理,,创始人Gabrielle Chanel香奈儿于1913年在法国巴黎创立香奈儿品牌。香奈儿的产品种类繁多，有服装、珠宝饰品及其配件、化妆品、护肤品、香水，每一种产品都闻名遐迩，特别是她的香水与时装。 香奈儿（CHANEL）是一个有着整整百年历史的著名品牌，香奈儿时装永远有着高雅、简洁、精美的风格，它善于突破传统，早20世纪40年代就成功地将“五花大绑”的女装推向简单、舒适，这也许就是最早的现代休闲服。
1010012800020053,JurLique,个护化妆,个人护理,,JURLIQUE是08年新包装的最新中文命名。原名茱丽（中国大陆注册名）、茱丽寇儿（中国台湾、香港、新加坡等地区命名）、茱莉蔻儿、茱莉
1010012800020054,JurLique,个护化妆,个人护理,,JURLIQUE是08年新包装的最新中文命名。原名茱丽（中国大陆注册名）、茱丽寇儿（中国台湾、香港、新加坡等地区命名）、茱莉蔻儿、茱莉
1010012800020055,Parker,其他,学习用品,,Parker 中文名称派克（派克汉尼汾的简称）Parker Hannifin，是全球领先的运动和控制技术与系统多元化制造商，为广泛的传动控制、工业和航空市场提供精准解决方案，现已成为世界上最大的专业生产和销售各种制冷空调件、液压、气动和流体控制产品及元器件的全球性的公司。 Parker PEN派克钢笔是顶端钢笔的代名词，派克钢笔经营哲学：“使产品更臻完善，人们才会购买”一直指导着派克致力于制造“更好的笔”，这亦是历经百年沉积在派克笔中的深厚的文化内涵。
1010012800020056,s.t.dupont,服装,女装,,【S.T.Dupont】法国名牌s.t.dupont都彭被香港迪生集团收购。早在1930年，法国都彭精品已成为世界各地显赫人士钟爱的用品，包括欧洲各国的王室贵族、工商巨子等都对都彭的产品爱不释手。在1947年，都彭更特别为英女皇伊利莎白及爱丁堡公爵之婚礼制造一套旅行手提袋。业务遍布全球。随着市场的发展，S.T.Dupont逐渐扩大其豪华产品系列，相继推出男士服装及配饰、皮具、打火机、书写工具、男鞋、腕表、雪茄配件、眼镜、香水等。
1010012800020057,GIVENCHY,服装,女装,,Givenchy，来自法国的时装品牌，纪梵希最初以香水为其主要产品，后开始涉足护肤及彩妆事业。该企业品牌在世界品牌实验室（World Brand Lab）编制的2006年度《世界品牌500强》排行榜中名列第四百一十一
1010012800020058,BOSS HUGO BOSS,服装,男装,,BOSS Hugo Boss是一条专供男女不同需要的fashion line，所以这条line的风格比较稳重成熟，剪裁传统一点，对一些不太爱花巧的男女们是最适合不过。虽然BOSS Hugo Boss有男装和女装，但继承了德国传统硬朗男性形象，其服装线条也硬一点，且讲求对称。布料方面，也少用高级时装中常见的丝质或chiffon等轻逸布料，以免破坏BOSS Hugo Boss的笔挺衫身。
1010012800020059,CERRUTI 1881,其他,钟表,,Cerruti 1881男装是以流线型的设计风格带给人们前所未有的惊喜，不但款形时刻紧随时尚，剪裁上更是将意大利式的手工传统、英国式的色彩配置和法国式的样式风格完美糅合，融入了经典而又新鲜的品味。除了Cerruti 1881男装之外，同一品牌线的Cerruti时装、香水同样蜚声业界，享誉已久。而瑞士手表系列，可谓这个大家族中极具潜质的名门新贵。它继承了Cerruti 一贯清逸典雅的设计，运用高度精确的瑞士制表技术精制而成，含蓄、高雅、矜贵，贯彻着Cerruti张扬品质的传统。
1010012800020060,VERTU,电器,电子数码,,ERTU（纬图）是诺基亚所成立的全球第一家奢侈手机公司，以经营高档品牌的方式，由世界著名的手机设计师Frank Nuovo设计，2012年诺基亚将VERTU品牌90%的股权出售给了瑞典投资公司EQT。 该品牌的机型从外观、用料到功能都绝对称得上有王者风范，平均每款售价高达十几万元人民币。VERTU，这个起源于拉丁文的单词原意即为“高品质、独一无二”。
1010012800020061,豪度,其他,钟表,,
1010012800020062,Tissot,其他,钟表,,对于天梭而言，“时间，随你掌控”不仅仅是一句广告词。它传递了天梭品牌的DNA ，天梭一直致力将前沿科技与时尚设计在钟表制作中完美融合。自1853年起，天梭便一直立足传统进行创新，现已成长为全球销量第一的瑞士传统制表品牌，属于瑞士中档手表之一。
1010012800020063,Elizabeth Arden,个护化妆,个人护理,,伊利莎白雅顿（Elizabeth Arden）在美容界享有很高的声誉，有人称雅顿为众香之巢―“美是自然和科学的结晶”。 雅顿的产品线包括护肤保养品、彩妆、香水等，雅顿不断攀升的业绩及来自世界各地的认同使它已成为一个全球知名的化妆品名牌。 Elizabeth Arden是1960年在美国建立的品牌，以香水为主，化妆品只占业务的一小部分。旗下除了Elizabeth Arden这个品牌以外，还有一个著名的香水品牌Elizabeth Taylor。
1010012800020064,DV Sebagh,个护化妆,个人护理,,
1010012800020065,Versace,个护化妆,个人护理,,来自意大利知名的奢侈品牌范思哲（Versace）创造了一个时尚帝国，代表着一个品牌家族，范思哲的时尚产品渗透了生活的每个领域，其鲜明的设计风格，独特的美感，极强的先锋艺术表征让它风靡全球。它的设计风格鲜明，是独特的美感极强的先锋艺术的象征。其中最魅力独具的是那些展示充满文艺复兴时期特色的华丽的具有丰富想象力的女装款式，它们性感漂亮，女性味十足，色彩鲜艳，既有歌剧式的超平现实的华丽，又能充分考虑穿着舒适性及恰当地显示体型。范思哲还经营香水、眼镜、领带、皮件、包袋、瓷器、玻璃器皿、丝巾、羽绒制品、家具产品等。
1010012800020066,TOMBOLINI,服装,男装,,
1010012800020067,None,,,,
1010012800030000,Marisfrolg,服装,女装,,深圳玛丝菲尔时装有限公司创建于1993年，是恩情投资发展有限公司旗下负责时装品牌营运的管理机构，公司管理的品牌有女装Marisfrolg玛丝菲尔、MASFER SU、AUM及男装MARISFROLG，而公司也于2014年2月成功收购意大利著名时装品牌Krizia。
1010012800030001,MICHELLE MOISSAC,服装,女装,,
1010012800030002,MOJO.S PHINE,服装,女装,,
1010012800030003,IMMOBILE,服装,女装,,
1010012800030004,CAGLIARI EXCHANGE,服装,女装,,CAGLIARI EXCHANGE（卡利亚里）是中国著名女性时装品牌。一直以意式风格闻名于时装界。品牌于2004年创立，一路发展至今，以优雅的设计、高档的面料、经典的廓型著称，成长为众多白领女性体现优雅风格的代表。它以传递优雅视作自己的宗旨，主要分“黑标”与“黄标”两个系列，店铺采用了亚光与流畅的墙体结合。
1010012800030005,M.TSUBOMI,服装,女装,,
1010012800030006,JEFEN,服装,女装,,JEFEN时装由著名国际时装设计师Frankie.Xie(谢锋）先生于2000年在意大利创立，以经营JEFEN高级女装为主。
1010012800030007,KOREANO,服装,女装,,柯利亚诺品牌创立于1992年，她以其超群的品质，独具一格的风采，自由的穿梭于女装世界。
1010012800030008,米茜尔,服装,女装,,
1010012800030009,例外,服装,女装,,例外，广州市例外服饰有限公司，创立于1996年，主要经营服饰及文化生活等用品，是一家集服装设计生产、销售于一体的具有先进经营理念的企业。 公司现有员工约400人，实行总经理负责制，下设设计研发中心、营销管理中心、产品供应中心、品质管理部、人力资源部、财务部六大部门。2013年3月22日，国家主席习近平首次出访俄罗斯，夫人彭丽媛陪同。第一夫人彭丽媛一身深蓝色双排扣风衣和天蓝色丝巾的搭配给人留下了深刻印象。这身套装及其所挽的黑色手袋正是由广州品牌“EXCEPTION例外”特别定制的。
1010012800030010,LAVINIA CLUB,服装,女装,,
1010012800030011,silhouette labelle,服装,女装,,Silhouette Labelle寓意为“魅影”，中文名：“拉贝儿”，品牌创始人S.Labelle夫人希望每一位拥有Silhouette Labelle的女性都享有如法国皇室般精致、典雅、奢华而又浪漫的夜晚！以制作礼帽起家的S.Labelle，凭借精湛的帽类生产工艺，其生产的礼帽迅速得到了法国皇室的认可。从而逐渐延伸至毛纺织品，靠着不变的精致手工与质感，终于成为现在包括帽子、围巾、手套、雨伞、太阳镜等各类专业型服装配饰公司。
1010012800030012,She's,服装,女装,,She's 品牌于1968年诞生于欧洲，由Cianfran Jerre女士创造。She's不断成长，现已成为女性饰品业极具影响力的品牌，引领着时代先锋潮流。
1010012800030013,DELUXE AND VINCI,服装,女装,,
1010012800030014,LANYOUTY,服装,女装,,
1010012800030015,Lavinia,服装,女装,,
1010012800030016,雾道,服装,女装,,CANTO MOTTO雾道起源于意大利时装之都一米兰（MILAN）临近的一个小镇----维琴察（VICENZA）。VICENZA是意大利威尼斯大区维琴察省的一座城市，是意大利皮革生产制造中心，也是欧洲最大金制品加工基地。维琴察是十五世纪伟大建筑设计师安德里亚帕拉帝奥（ANDREA PALLADIO）的诞生地。 
1010012800030017,ZADA NINE,服装,女装,,
1010012800030018,靓美婷,服装,女装,,"北京靓美婷服装服饰有限责任公司，是一家集设计研发、生产、销售一条龙的服务企业。“创造时尚、引领潮流、缔造经典”几乎成了北京靓美婷服装服饰有限责任公司的代名词。“靓美婷”凭借专业化的管理机制，国际化的研发设计，现代化的生产物流和庞大的销售网络，现已发展成多品牌运作的现代化时装集团公司，形成了旗下拥有：朗诺缇(LANYOUTY)、法蒂微(FULWIN）、派蕾儿(PERLOVIN)、欧诺菲(AUSFEEL)、梅塞斯等多品牌运作格局，这些不同的品牌也分别诠释着靓美婷对国际流行趋势的准确把握及对时尚的不同理解，“靓美婷”更用精准的定位诠释着每个品牌,不断满足着不同年龄层女性的时尚需求。"
1010012800030019,圣大保罗,服装,男装,,世界名牌“圣大保罗”(SANTA BARBARA POLO & RACQUET CLUB)服饰系列，源自1910年的美国加州圣塔芭芭拉马球俱乐部，以该俱乐部发展的“圣大保罗”标志系列产品，成为显示身份及品味高雅阶层最喜爱的服装品牌，是从贵族运动中产生的名流绅士服饰。
1010012800030020,L'appat,服装,女装,,
1010012800030021,豪雅珠宝,其他,珠宝工艺品,,
1010012800030022,和田玉,其他,珠宝工艺品,,
1010012800030023,和田玉,其他,珠宝工艺品,,
1010012800030024,福人德,其他,珠宝工艺品,,福人德是中国大陆红珊瑚珠宝的知名品牌。福人德国际（北京）红珊瑚珠宝有限公司成立于1996年8月，是第一个将红珊瑚从台湾带回祖国大陆，是第一家专营红珊瑚的企业，也是第一家获得经营一级国宝红珊瑚许可证的企业。
1010012800030025,福人德,其他,珠宝工艺品,,福人德是中国大陆红珊瑚珠宝的知名品牌。福人德国际（北京）红珊瑚珠宝有限公司成立于1996年8月，是第一个将红珊瑚从台湾带回祖国大陆，是第一家专营红珊瑚的企业，也是第一家获得经营一级国宝红珊瑚许可证的企业。
1010012800030026,鑫豪福,其他,珠宝工艺品,,
1010012800030027,所神根,其他,珠宝工艺品,,
1010012800030028,百利金,其他,珠宝工艺品,,Pelikan（百利金）是德国著名的钢笔品牌。Pelikan公司以精密的技术及德国严谨的研究与追求完美的精神，铸造出了充满艺术生命的笔中极品。
1010012800030029,所神根,其他,珠宝工艺品,,
1010012800030030,瑞恩,其他,珠宝工艺品,,
1010012800030031,Jorya,服装,女装,,JORYA品牌，始创于1992年。JORYA对女人有着独特的见解，以极致的设计和产品理念，让女性优雅性感的魅力全面绽放。其系列产品分为JORYA服饰、costume高级定制、礼服及配饰。
1010012800030032,梦妮尔丹,其他,珠宝工艺品,,梦妮尔・丹，天然水晶珠宝首饰品牌的开创者集雅致与古朴于一体用丰富的情感，睿智的思维，富于远见的雄心创造了用水晶联通古今的奇迹以经典的款式，专业的品质，完善的服务鼎立于天然水晶珠宝首饰品牌的最前沿。
1010012800030033,谢瑞麟,其他,珠宝工艺品,,1936年出生于广东南海，1945年举家移居香港，他用自己的名字创立了谢瑞麟(TSL)这个著名珠宝品牌，1971年，谢瑞麟珠宝有限公司正式成立，1987年，公司在香港联交所公开上市。很多人这样来评价谢瑞麟珠宝：璀璨、纯洁、闪亮、完美，是性价比卓越的婚戒的不二选择！这也难怪，TSL一直以来都很注重设计，为的就是最终能够呈现给人们最完美的浪漫体验。
1010012800030034,周大福,其他,珠宝工艺品,01062569131,周大福集团是郑裕彤博士及其家族拥有的一个实力雄厚的私人商业集团。集团总资产值超过 50 亿美元，所经营的业务遍布全世界，合共雇用员工约共 8 万人。集团业务主要由两间公司经营。周大福珠宝金行有限公司在香港及国内的珠宝首饰行业里，每年销售额占市场第一位。
1010012800030035,金至尊,其他,珠宝工艺品,,金至尊珠宝为香港资源控股有限公司(上市编号： 2882) 旗下珠宝零售品牌，主要从事设计、研发、销售以『金至尊』品牌命名的名贵珠宝钻饰、足金饰品及企业礼品；在香港、澳门及中国内地主要城市以自营、合作及特许加盟模式建立零售网路。
1010012800030036,JAFF,其他,珠宝工艺品,,
1010012800030037,千禧之星,其他,珠宝工艺品,,千禧之星，起源于民国时期的“李天顺银楼”，坚持纯手工艺诠释每件珠宝，以继承和激励传统工艺发展为品牌己任。“女权”、“时尚”，是它的象征意义。
1010012800030038,金象珠宝,其他,珠宝工艺品,,金象珠宝，于上个世纪60年代在印尼雅加达创立
1010012800030039,Foeei Foeele,服装,箱包,,
1010012800030040,LARWINER,其他,珠宝工艺品,,
1010012800030041,闲云,服装,女装,,
1010012800030042,斯琴,服装,女装,,
1010012800030043,V.grass,服装,女装,,V GRASS（维格娜丝）作为中国高端女装一线品牌，V・GRASS矢志不渝专注“修身”DNA，已经成为拥有气质内心的生活方式品牌。V・GRASS的每一件作品以其知性、优雅的精神主线，经典中融合时尚、温婉中愈见大气，传递女性内敛、自信、聪慧的价值主张，并纳入欧洲、亚洲国际设计团队，为现代女性提供知性、优雅、时尚、修身的全系列着装建议。
1010012800030044,BLLYN,服装,女装,,
1010012800030045,诗篇,服装,女装,,
1010012800030046,佩蒂帕恩,服装,女装,,
1010012800030047,Jeep,服装,男装,15901455217,
1010012800030048,天意,服装,女装,,
1010012800030049,Fidelite,服装,女装,,
1010012800030050,阁兰秀,服装,女装,,GROUND SHOWDD直译为“大地展示”。“阁兰秀”由原英文名音译而来，阁兰秀源自自然，关爱生活，崇尚艺术，享受浪漫，不仅仅为女性提供生活的服务，而且为自然的宠儿创造出高雅、经典的生活方式。
1010012800030051,雅莹,服装,女装,010-62696248,"EP雅莹隶属于华之毅时尚集团，2015年意大利米兰世博会中国馆全球合作伙伴 ,以亲民奢侈的品牌定位、精湛工艺和艺术合作成为中国时装的领导品牌。2014秋冬，EP雅莹携手跨界艺术家Simon.Ma、国际超模秦舒培与顶级视觉艺术家陈漫推出跨界艺术大片。"
1010012800030052,KORADIOR,服装,女装,,Koradior（珂莱蒂尔）是一个致力于年青时尚，优雅浪漫的服饰风格的服装品牌。Koradior认为年青的真实意义，无关乎年龄，而在于心态；时尚不只是一种美感，也是一种积极乐观的生活态度。
1010012800030053,基格,服装,女装,,基格是一种三拍子舞曲，起源于十六世纪英国的吉格舞蹈。十八世纪初，流行法国、意大利等欧洲国家，逐渐演变成两个支派。法国式基格乐曲简短，一般为两句八小节，并作反复。主题常为赋格式处理，曲调多用八六、四六拍子的附点节奏，德国古典组曲经常以它为最后乐章。意大利式基格的节奏生动活泼，旋律连贯蜿蜒，多以和声作衬托。
1010012800030054,AMASS,服装,女装,,阿玛施，哥弟品牌，AMASS英文意为积累，聚积（尤指财富），“积财先聚才”AMASS引申为团队，以智慧和坚毅，同舟共济，荣辱与共。定位个性品味，精品路线，永恒的黑白灰，经典的咖驼卡。此外，阿玛施还是哈尼族民间祭祀节日。
1010012800030055,SALUTE,服装,女装,,
1010012800030056,华歌尔,服装,女装,,Wacoal，日本内衣著名品牌，是一家以内衣为主的成衣制造商。Wacoal于1949年在日本成立后发展至今，已成为生产女装全线产品的翘楚；此外，CWX运动装、童装、男装、长者服装亦不断拓展。旗下包括女内衣，睡衣，家居服，孕妇装，哺乳服，儿童服装，少女家居服等数个系列。
1010012800030057,Aimer,服装,女装,,北京爱慕有限公司是专业从事品牌内衣设计、生产和营销的现代化企业，总部位于北京望京高新技术产业开发区爱慕大厦，拥有员工近2000人。
1010012800030058,黛安芬,服装,女装,,"1886年成立于德国的黛安芬，从125年前一个在厂房生产紧身内衣的小型事业起家，已成为全球最国际化的内衣企业之一。 在125年的性感历程中，黛安芬公司始终秉承创新的理念， 下设Sloggi,VALISERE,triumph,HOM四个品牌，并开发设计出多项具有里程碑意义的内衣产品，为消费者提供优质、舒适、时尚、创新的内衣而不断努力。"
1010012800030059,欧迪芬,服装,女装,,欧迪芬国际集团1980年成立于台湾，是一家专业生产女性内衣及经营欧迪芬品牌的公司十多年来以其深厚的经营经验、坚强的生产能力，以及前卫的设计风格，将产品成功推进法国、美国、日本等国际内衣市场。
1010012800030060,安莉芳,服装,女装,,安莉芳，香港内衣品牌，创办于1975年，产品设计时尚，制作精巧，能为不同年龄的女士提供全线内衣产品，包括是活泼的青春少女，还是成熟女士，妊娠母亲，安莉芳皆能全面照顾周到，除了内衣系列，集团旗下的泳衣系列及睡衣系列，均能够令顾客满意。提供舒适、称心满意的产品及服务是安莉芳集团对顾客的承诺。
1010012800030061,modelab,服装,女装,,
1010012800030062,LA CLOVER,服装,女装,,传说森林的深处有三叶草，只要找到她，你就可以找到幸福。我笑了，很疑惑的问：“她叫三叶草？可是她有四片叶？”“三叶草是多年生或一年生的草本植物，分布于全世界温带地区，大部分都是三片叶子，只有极少数长出四片叶子，这样的几率是十万分之一。”
1010012800030063,Masfer.Su,服装,女装,,
1010012800030064,艾瑞美,服装,女装,,
1010012800030065,欣姿芳,服装,女装,,欣姿芳集团，源自意大利，总部设立在台湾台北。在上海，米兰，台北，东京，大阪，京都，新加坡设有设计工作室。欣姿芳集团自营品牌SORELLA（索瑞拉），以减压舒适，低碳环保为主轴，致力于推广无钢圈，绿色环保节能材料的产品，让SORELLA女孩们，在拥有优美胸型的同时，可以为维护我们的环境，为地球环保尽一份力量。
1010012800030066,舒雅,服装,女装,,
1010012800030067,浩沙,服装,女装,,浩沙公司始于20世纪80年代，自成立之初起，一直专注于室内运动市场，并成功地发展成为中国最大的室内运动品牌。无论在室内运动服饰或是健身服务机构领域，都处于领先地位。自2008年起，浩沙连续成为为室内运动服饰和健身服务行业唯一进入世界品牌实验室评测的中国500最具价值品牌榜的企业，2012年，浩沙品牌价值评估为21.18亿。
1010012800030068,INSUN,服装,女装,,INSUN恩裳以建筑般的简约结构为设计特色，以低调的黑、白、灰、驼主色营造高雅视觉，其优雅的线条，精美的裁剪，加之在其一直推崇的实用主义哲学基础上，注重众多华丽细节的设计博得了许多国内精英女性阶层的喜爱。与身和谐，与心自由的设计理念和对生活的热情是“INSUN”诠释时尚的根本动力。
1010012800030069,MAXSTUDIO,服装,女装,,MAXSTUDIO由美国著名时装设计师李昂・麦克斯于1979年创建， MAXSTUDIO为菲妮迪国际时装有限公司旗下品牌之一。
1010012800030070,Sinequanone,服装,女装,,自1973年品牌成立至今，Sinequanone一直凭着其无限的创意设计作为推动力和基石，为公司奠下无可比拟的技术专长。
1010012800030071,LIME FLARE,服装,女装,,典雅、时尚的莱茵福莱尔（LIME FLARE）品牌，是朗姿股份有限公司经营的高档女装品牌。于2006年6月在中国开设了第一个专柜。历经数年的发展，于2009年通过了IS09001质量认证。 
1010012800030072,KANOJAO,服装,女装,,
1010012800030073,SCFASHION,服装,女装,,SCFASHION由Sculpture Collection Fashion三个英文单词组成，意为“雕刻、元素、时尚”。 品牌介绍： SCFASHION―――是SEC品牌完美升华，是精致时尚生活的再现者。 随着经营理念的不断明确和消费者需求的变化，品牌的内涵和表现形式也在不断变化发展。历经3年的磨炼，SEC品牌正式升级为SCFASHION品牌（诗易茜），秉承“精致生活，因你创造”的经营理念，将法国塞纳河两岸心灵之旅的创作灵感与充满人文艺术的情调完美融合。
1010012800030074,恒昌珠宝,其他,珠宝工艺品,,
1010012800030075,Pana Pana,其他,珠宝工艺品,,PANAPANA于1986年诞生于被誉为“浪漫的艺术之都”的意大利米兰，产品涵盖南非钻石、有色宝石、K金饰品等多种品类，忠实的承袭了欧洲文化的精髓。品质优良的原材料、著名设计师的无限创意与灵感、一流工匠的精雕细琢在PANAPANA幻化成一件件构思精巧、造型独、特品质优良的首饰，为爱美的女性将梦想变为现实。
1010012800040000,哥弟,服装,女装,,哥弟女装以“儒文化”为品牌内涵，以其准确的目标市场定位而在国内女装界占据一席之地。哥弟品牌绝不二价，颜色花而不哨，价格高而不贵，剪裁贴而不紧，完完全全对准了这群消费中坚的“胃口”。哥弟女装孜孜以求的不仅仅是对时装品味，更是生活与人生的品味，共同传递着真、善、美。
1010012800040001,YINER,服装,女装,,
1010012800040002,Mozen,服装,女装,,
1010012800040003,卡拉,服装,女装,,
1010012800040004,SONG OF SONG,服装,女装,,Song of Song歌中歌于2008年开启绝美的篇章，与OBBLIGATO奥丽嘉朵共同构筑影儿时尚集团奢侈品产线。其华丽的风格来源于法国名门贵族的蓝血精髓，同时融合巴黎左岸开放、特立独行、精致的当代艺术气质，以及新贵女性的自信风采，奢华和精致是贯穿始终的主题，将社交名流女人的魅力无限得到自然显露，以极具女性韵味的细腻风格，让女性美在富世生活中得到完美的回归。
1010012800040005,OLIVER GRANT,服装,女装,,
1010012800040006,WHITE COLLAR,服装,女装,,
1010012800040007,PORTS,服装,女装,,"1961年PORTS诞生于风景秀丽、充满人文气息的加拿大港口城市多伦多。创始人Luke Tanabe先生热爱周游世界，追求清晨在撒哈拉沙漠畅游，傍晚在纽约晚餐的生活方式。他高瞻远瞩，早就洞悉了未来全球化的方向，将地球图案加入品牌Logo中，并在最具开放创新精神的港口城市开办PORTS品牌店，以倡导“世界灵魂，都市神韵”（Global Soul, Urban Spirit）的精神，确立了国际化的定位。如今，从多伦多、到纽约、东京、蒙特利尔、迪拜、香港、上海……PORTS品牌还在不断向全世界扩张。"
1010012800040008,庄子,服装,女装,,
1010012800040009,靓诺,服装,女装,, 靓诺时装设计以高雅、简洁、显瘦为主要内容，优雅的经典线和打破常规的分割线的结合，调整修饰身材，重塑人体形象。服装特点为“让胖显瘦、立体剪裁、每款百号、因人套款、量体套号”；服装面料力求高品质、易洗涤，追求流行与色彩的完美搭配，携同国内外面料生产厂家，开发属于自己的特色产品。凭借不懈追求，靓诺成为中国服装行业唯一一家“每款百号”的企业，被誉为有“量身定制”之妙的服装品牌。
1010012800040010,Dunnu,服装,女装,,源于上个世纪60年代法国巴黎，用生活休闲和职业休闲的设计风格诠释女性的时尚服装文化，不但设计紧随时尚，款式更是将法国的浪漫风格、英式的色彩配置和意大利的手工传统模式完美糅合。“当贵妇穿上时装时，她应该看起来像那些封面人物”就是DUNNU品牌的宗旨。
1010012800040011,红香枫,服装,女装,,深圳市东玉实业发展有限公司系集服装设计、技术研发、生产及销售为一体的现代化企业。公司资本雄厚，拥有一批高专业水准的精英团队。自创建伊始，为满足多元化的市场需求，致力于专业化的发展战略，积极推进产品创新及品牌提升，并建立了一套完善的内部管理体系和市场运行机制。为产品设计研发、市场销售、企业文化建设及售后服务等方面提供了强有力的保证。公司在资源配置上以成熟的管理体制、先进的设计理念及科学的生产工艺相配套。在市场运作方面，有直营零售、特许加盟和品牌区域代理等多种经营模式。
1010012800040012,mihana,服装,女装,,
1010012800040013,AHNSIL,服装,女装,,AHNSIL是法国知名的服装品牌。安・姬奥秉承法国女性浪漫之特质，近百年来，倍受欧洲社会名流、政治家、女外交官、女企业家等成功女性的青睐。八十年代，安・姬奥进入亚洲市场，并且在韩国建立生产基地。她不断结合东方女性的体型，同时讲究女性的曲线美，创造出安・姬奥独到的风格。在设计理念上强调概念化，在款式上，处处体现出女性线条的圆顺与和谐。每一款服装都采用单件缝合，国际领先的工艺技术创造出安・姬奥独有的品质内涵。正是这些独特之处，使安・姬奥迅速成为亚洲成功女性首选的职业女装品牌。 
1010012800040014,STELLA LUNA,服装,鞋,,Stella Luna是一个2006年正式注册成立的意大利女鞋品牌，由Stella Luna创立。
1010012800040015,Joy&Peace,服装,女装,,真美诗源自“世界和谐”之理念，秉承Simple&amp;Match（简约、和谐）设计精神，以鞋为艺术品，表达“欢乐、和平”的时代理念。真美诗产品包括男女鞋，及配搭手袋、护鞋用品等，风格典雅高贵，亦时尚简约，主要为高级专业人士、高收入阶层精工制作，购物环境追求舒适精致，服务追求专业周到。
1010012800040016,蹀愫,服装,女装,,tigrisso(蹀愫)是一个秉承西班牙文化渊源和艺术禀赋，倡导优雅精致的生活理念的中高线女鞋品牌。2010年，广州天创时尚鞋业股份有限公司开启并成就了“tigrisso・中国”的优雅传奇，同时赋予她优雅的东方名字：“蹀愫”，“蹀”为“行走”，“愫”乃“情怀”，“蹀愫”取意“对于行走的真挚情感”，寓意在人生旅途中“用心行走”，成为中国时尚消费品市场一个倡导“无处不优雅”文化理念的、具有文化与市场双核价值的精致女鞋品牌。
1010012800040017,KISSCAT,服装,女装,,2003年底， Kiss Cat品牌荣获中国商业联合会科技质量部颁发“全国鞋类商品质量达标诚信单位”荣誉证书和铜牌，享有未来三年流通领域免检待遇，同时入编《全国鞋类商品采购指南》，成为中国商业联合会科技质量部向国内外商品贸易、批发、零售企业通报，建议优先进货、销售企业。
1010012800040018,TRIBECA,服装,女装,,Tribeca 是设计独特的高层建筑，位于吉隆坡市中心的战略地点。由著名的Low Yat Group（刘蝶集团）旗下的子公司Bakti Dinamik Sdn. Bhd.开发。项目融合着商务与休闲的生活理念，希冀给住户提供最好的生活享受，特别开发设置5个不同的区域，满足不同人的需求，让住户尊享高尚奢华生活。
1010012800040019,LANCY,服装,女装,,朗姿股份有限公司是中国高端女装国内A股第一家上市公司。是一家通过时尚产业，创造美丽，引领女性成就者着装并帮助人们成就美丽人生的时装公司。
1010012800040020,menglong,服装,女装,,
1010012800040021,Moreline,服装,女装,,
1010012800040022,Finity,服装,女装,,菲妮迪（国际）时装有限公司隶属于华鼎集团（中国）有限公司旗下的以企划、生产、营销为一体的现代化时装公司， 坐落在杭州临平经济开发区，本着与时俱进，不断创新的经营理念，全力推进国际化多品牌战略，不断引进国际知名品牌，借鉴国际化的时尚理念和品牌管理模式进行运作， 现今已拥有五个著名品牌，拥有专卖店近400家。
1010012800040023,伟士,体育,体育用品,,伟士体育用品有限公司，成立于1986年，历经多年的不断发展，已成为集品牌运作、产品研发制造、销售贸易及体育赛事、运动俱乐部和体育活动中心经营与管 理为一体的专业化企业，是中国体育用品业联合会常务理事、中国文教体育用品协会器材委员会副主任单位。 伟士公司在福建厦门和上海浦东等地累计自建15万多平方米工业厂房及研发、销售中心，拥有众多包括研发、品管、制造及营销等各类专业人才，有各种专业设备 数百台，可向国内外客户提供品质优良、价格合理的羽毛球拍、网球拍、壁球拍及相关系列产品。 伟士公司通过了ISO9001:2000国际质量体系认证及日本国SG产品安全认证，被福建省质检局认定为“质量管理先进企业”，公司生产的多款碳纤维羽 毛球拍产品，被中国羽毛球协会审定为比赛用拍。伟士公司坚持“品牌是企业的生命线”的经营理念，“伟士”商标及产品长期被认定为“福建省著名商标”和“福 建名牌产品”，二次荣获国家商务部授予的“中国出口名牌”称号。2009年被授予“全国文教体育用品行业领军企业”，2010年被国家工商总局认定为“中 国驰名商标”。
1010012800040024,诗影,服装,女装,,诗影艺术是运用现代科技手段，将诗歌艺术和摄影艺术有机地融为一体的一种新型跨媒体艺术。诗影艺术不仅具有诗歌艺术的特性，还具有摄影艺术的特性，而且二者的相互交融，使得诗和影的艺术表现形式及艺术意境从广度和深度上得到了有效的拓展升华，使其更具独特的艺术表现魅力。
1010012800040025,莱姿,服装,女装,,莱姿服饰（深圳）有限公司成立于 2000 年，总部坐落于经济特区深圳，是一家集设计、生产、经营、服务为一体的女装品牌港资服装公司。公司自成立以来，突破国内传统的经营理念，追求产业创新，坚持完善的管理机制，良好的经营策略，以一日千里之势迅速在高度竞争的国内女装品牌占据市场。 
1010012800040026,声雨竹,服装,女装,,广州市喻丝圆实业有限公司成立于2005年4月12日，座落在广州市花都区狮岭镇山前大道南，占地面积66000平方米，是一个集企划、制造、营销于一体的实业化先进企业，最核心的产业是服装的生产与经营。
1010012800040027,依瑶,服装,女装,,
1010012800040028,木真了,服装,女装,,
1010012800040029,邢氏,服装,女装,,
1010012800040030,赛斯特,服装,女装,,
1010012800040031,EdenRose,服装,女装,,
1010012800040032,Mihana,服装,鞋,,
1010012800040033,Latin Mark,服装,女装,,
1010012800040034,Melissa,服装,鞋,,
1010012800040035,Kadina,服装,鞋,,
1010012800040036,amanda,服装,女装,,
1010012800040037,萨瑞儿,服装,鞋,,
1010012800040038,郦妮,服装,女装,,
1010012800040039,SHOW LONG,服装,女装,,舒朗公司名称及其品牌名称“SHOWLONG”引申为“展现（美的）永恒”、“展示（永远的）美丽”。以品牌产品为媒介，传播“阳光女性，舒朗人生”的理念，满足社会特定群体追求品质生活的深层心理需求。公司拥有“舒朗”（SHOWLONG）、“美之藤”（M.TENG）等系列服装品牌。公司以时装设计生产为主营业务，同时辅之以形象设计等相关业务，为女性提供系统优质的形象艺术服务
1010012800040040,拿拉贝路丝,服装,女装,,
1010012800040041,Gabor,服装,鞋,,有着60余年历史的Gabor公司是德国知名的鞋业制造企业，是由Gabor先生于1949年创立的家族企业，公司的总部位于巴伐利亚中部、慕尼黑附近的罗森海姆市，现在已经发展成为一个上市公司，在欧洲的其他国家还有工厂和分支机构，公司共有4300位员工，6个生产基地，每天生产能力为3.3万双鞋。 保证每一双鞋达到品质标准最高值这一理念使Gabor成为一个传统品牌，然而，传统并不能代表一切，在过去十几年中，Gabor公司引进了许多新技术和新多元的产品生产链。只有顶级的皮料和部件才能达到Gabor鞋的标准。高品质同样还要求精湛的手工技术，做一双Gabor鞋需要250个独立的组件，45种不同的材料，140多道加工工序，每双鞋在经过140多道工序后，员工还有很多机器以外的精细手工需要操作。Gabor鞋的制造专由奥地利、斯洛伐克和葡萄牙这些位于欧洲的工厂完成，有非常严格的标准和检查制度，以保证所有工厂生产的品质是一样的。
1010012800040042,玫尔美,服装,女装,,卓欧制衣有限责任公司是一家集设计、生产、销售和服务于一体的大型时装公司，旗下拥有“玫而美”品牌女装，公司于1991年12月16日成立，注册资本1000万元。 公司在位于北京国际信息产业基地，投资购建公司总部，建筑面积近万平米，同时在北京的夏都――延庆拥有15000平米的现代化生产加工基地。年生产能力达到60万件套，产品销售遍布国内20个省市，150间在大型商场内的品牌销售专卖店铺和独立品牌销售店铺。
1010012800040043,trasparenze,服装,女装,,
1010012800040044,厚木,服装,女装,,
1010012800040045,mara sakura,服装,女装,,
1010012800040046,ECCO,服装,鞋,,ECCO（中文名称：爱步），成立于1963年，是来自丹麦的鞋履品牌。其鞋类产品涵盖休闲正装系列、户外系列、运动系列、高尔夫系列和儿童系列；其他产品包括包袋配件、小皮件、鞋护产品等。
1010012800040047,嘉宝,服装,鞋,,
1010012800040048,STACCATO,服装,鞋,,思加图（STACCATO）源自意大利品牌，意大利文中形容“流动的音乐”，寓意现代都市富有节奏感的生活。思加图以“优质、独特、时尚、合穿”为设计理念，致力于满足追求新潮的年轻顾客和高级白领的需求。
1010012800040049,Ara,服装,鞋,,德国ara Shoes AG 始创于1949年，至今已有60余年的历史。公司目大改德国，葡萄牙，罗马尼亚和印度尼西亚等地拥有8个全资工厂，4200名员工，鞋的日产量为每天38，000双，年产量超过800万双。ara Shoes AG已经发展成为目前欧洲最大的女鞋生产商之一。
1010012800040050,24HRS,服装,鞋,,
1010012800040051,Belle,服装,鞋,,
1010012800040052,HISPANITAS,服装,鞋,,HISPANITAS 是来自于西班牙的一家皮具制品家族式企业，成立于1925年。在创始人ALFONSO CHIO DE GUZMAN先生和家族三代人的努力下，历经近一个世纪的发展，公司现已成为了一家集设计，生产，管理，广告媒体策划及储运于一体的大型现代化企业，在西班牙拥有十几家工厂和属于自己的全套产业链。自1967年起，公司产品开始进军国际市场，至今业务已遍布欧洲，北美，中东，亚洲，大洋洲四十多个国家，在全球各大城市建立了3100多个销售网点。
1010012800040053,achette,服装,鞋,,
1010012800040054,CHRISDIEN DENY,服装,鞋,,从上世纪开始，克雷斯丹尼（Chrisdien Deny）对品质追求从未放松。时至今天，品牌已跨越了百年光阴，至真至诚的制作用心正是克雷斯丹尼（Chrisdien Deny）成功的核心。从皮具用品到眼镜，克雷斯丹尼（Chrisdien Deny）矢志不渝地精选优质材料，为顾客提供最上等的系列产品。
1010012800040055,PATRICIA,服装,鞋,,
1010012800040056,MEPHISTO,服装,鞋,,
1010012800040057,Clarks,服装,鞋,,全球领军鞋履品牌Clarks，创立于1825年的英格兰西南部的萨默赛特郡。Clarks国际化的设计团队从全球捕捉潮流趋势，为消费者带来引领风尚的设计。
1010012800040058,MARJA KURKI,服装,女装,,
1010012800040059,鄂尔多斯,服装,男装,,
1010012800040060,兆君,服装,女装,,兆君羊绒集团公司始创于1985年，犹如晨曦中一抹朝霞下绚丽如火的玫瑰，在业界傲然绽放。二十年来，集团以市场需求为导向，利用内蒙古特产山羊绒为资源优势，为弘扬民族文化为目标，为纯真、诚信为基础，倾力打造“百年 兆君品牌”。兆君羊绒集团以“兆君”品牌为载体，以山羊绒产业为经营支柱。现已形成了集原料、绒毛分梳、纺纱、针织、梭织、国内品牌经营、国际贸易等项目为一体的“一条龙”集团企业。
1010012800040061,米皇,服装,女装,,
1010012800040062,帕罗,服装,女装,,帕罗PALUOPO，是帕罗羊绒制品有限公司旗下品牌，创立于2002年，坐落在纺织业极为发达的太湖南畔―湖州。历经十一年发展，帕罗羊绒现已形成了融高端羊绒制品、精品纺纱、高端房 地产开发、太阳能光伏项目等为一体的多 元化集团企业。帕罗羊绒制品有限公司现有终端店铺近600家，年产值逾6亿元，厂区员工近2000人，总资产逾10亿元。
1010012800040063,日神,服装,女装,,
1010012800040064,皮尔卡丹,服装,男装,,皮尔・卡丹（Pierre Cardin；1922年7月2日－）出生于意大利水城威尼斯近郊，是一位知名的服装设计师，有同名商标及同名公司。
1010012800040065,舒雅,服装,女装,,
1010012800040066,None,服装,男装,,
1010012800040067,Aimer,服装,女装,,北京爱慕有限公司是专业从事品牌内衣设计、生产和营销的现代化企业，总部位于北京望京高新技术产业开发区爱慕大厦，拥有员工近2000人。
1010012800040068,浩沙,体育,体育用品 ,,浩沙公司始于20世纪80年代，自成立之初起，一直专注于室内运动市场，并成功地发展成为中国最大的室内运动品牌。无论在室内运动服饰或是健身服务机构领域，都处于领先地位。自2008年起，浩沙连续成为为室内运动服饰和健身服务行业唯一进入世界品牌实验室评测的中国500最具价值品牌榜的企业，2012年，浩沙品牌价值评估为21.18亿。
1010012800040069,圣歌鸟,服装,服装,,
1010012800040070,Byford,服装,女装,,英国著名男仕品牌"Byford"百富始创于1919年，源于英国列斯特郡，是英国"Coast Viyella"集团旗下极富盛名的品牌之一。
1010012800040071,恒源祥,服装,女装,,"恒源祥，创立于1927年的中国上海，产品涵益绒线、针织、服饰、家纺等大类，绒线，羊毛衫综台销最常年保持同行业第一。作为中国乃至全球羊毛使用量最大的企业之一，恒源祥年羊毛使用量达10000吨以上，世界上每十只羊的羊毛就有一只供恒源祥使用。恒源祥既是中国进入市场经济后最早实施品牌运营的企业(1991年)，又是中国最早进行特许经营的企业(1999年)。目前拥有,100余家 率为100%，地、市级市场网点玻盖率超过90%，县级市场网点覆盖率超过60%。"
1010012800040072,珍贝,服装,女装,,珍珠的时尚夺目，在于精雕细琢，系出天然。静海深流下，经千淘万漉之后，从一粒沙到珍珠的形成过程，既成就了永恒的价值，也见证了贝壳的执着、坚定和智慧。
1010012800040073,La Pagayo,服装,箱包,,
1010012800040074,HR,个护化妆,个人护理,,
1010012800040075,诺贝达,服装,鞋,,诺贝达系意大利著名设计师Camerino夫人，于上世纪40年代创立的高端品牌，距今已逾六十年历史，其品牌名称起源于佛列德・亚斯迪亚所主演音乐剧《roberta》的主题曲；受当时意大利著名的威内其亚画派三位艺术大师用色灵感。
1010012800040076,爱思,服装,箱包,,
1010012800040077,Guy Laroche,服装,箱包,,Guy Laroche〔姬龙雪〕的设计向以高贵优雅见称，浓厚的法国浪漫色彩，展示了女性高雅脱俗的慑人气质；2004年Guy Laroche以全新面貌在港推出秋冬系列，注入独立不羁的时尚元素，演绎出现代女性温柔硬朗并重的独特个性，是贵丽浪漫与完美体态的艺术结晶。
1010012800040078,Diss ona,服装,箱包,,DISSONA坚持“最优质的皮料是灵魂”，每一块精选的上乘皮料，都经过多重繁复的步骤处理，融合奢华精品的设计信仰以及匠师独一无二的手工，为新时代的女性创造出高雅精致的皮具精品，诠释她们心中华美而坚韧的梦想，经过时间的沉淀，她带给人们的不仅是优质生活的享受，更是永恒追求美好的精神启发。 
1010012800040079,BRAUN BUFFEL,服装,箱包,,BRAUN BUFFEL--德国传统而精致的皮具品牌，1887年，约翰・布朗创立了BRAUNBUFFEL品牌，生产皮件制品，包括创新设计、超凡工艺的手提包、背包和银包。同时在德国科恩这个皮革之城，布朗还是一名杰出的马具商和家具商。的确，传统往往在条件最有力的地方越发兴盛，因此诞生了BRAUNBUFFEL这个著名的品牌
1010012800040080,凯撒,服装,男装,,沙驰登陆中国大陆市场，以其卓越品质迅速扩展，于全国100多家顶级商场开设品牌专柜；于2012年沙驰登录淘宝网开启官方旗舰店《品尚皮具直销店》；为各界成功男式带来欧洲经典着装和箱包的新体验。
1010012800040081,SATCHI,服装,男装,,
1010012800040082,POWER LAND,服装,箱包,,
1010012800040083,DUNLOP,体育,体育用品 ,,英国邓禄普公司（DUNLOP）是英国著名品牌，擅长将高科技成果应用于体育用品设计以使体坛明星达到其个人极限，同时代表着现代、流行和前卫，一向是为世界名将所推崇和喜爱的品牌。近百年来，在世界主要体育用品市场上（美国、澳洲、日本、欧洲等）， DUNLOP的网球用品、壁球用品和高尔夫球用品系列一直雄居三甲之列，其中网球、壁球、壁球拍和高尔夫球等产品更是独占鳌头。近年来，凭借其在球拍的先进技术和雄厚实力，开始涉足羽毛球用品，其产品有其独特的设计和外观，性价比高，也深受羽毛球爱好者的欢迎。
1010012800040084,圣伽步,服装,男装,,SKAP，龙浩旗下著名品牌，现已拥有男装、女装、精品等系列，产品涵盖男女皮鞋皮具、商务艺术精品等，销售网络已覆盖全国150个城市。
1010012800040085,策乐,服装,鞋,,经过多年探索与积淀，CELE已经在中国一线城市的核心商圈与世界大牌分庭抗礼，成为我国休闲鞋业的领军者，享誉行业。
1010012800040086,Gillivo,服装,箱包,,
1010012800040087,eee,服装,鞋,,
1010012800040088,GNC,其他,保健品,,GNC 在1935 年， David Shakarian 在匹兹堡成立了一家专门贩售食品的小店，称之为 Lackzoom。akarian's 于 418 Wood Street BS。美国GNC健安喜为全球闻名之优良营养食品公司，在全球拥有5000多家连锁店；500多万个金卡会员；在亚洲地区包括新加坡、台湾、菲律宾、马来西亚、印尼、香港等地，均有连锁店的成立。
1010012800040089,Dilaks,服装,箱包,,DILAKS设计以人为本，融合了精致、个性化与时尚。DILAKS来自意大利，深受意大利文化的熏陶而充满高雅浪漫的气息，秉承锐意创新与最求卓越的传统。成熟，优雅、知性、庄重。目前已经形成了全国销售网络。在上海、北京、天津、广州、深圳、哈尔滨、沈阳、大连、青岛、石家庄、郑州、长沙、杭州、南京、福州、武汉、昆明、成都、重庆、兰州、西宁、乌鲁木齐等省会城市设有专柜。
1010012800040090,赛斯特,服装,女装,,
1010012800050000,Frognie Zila,服装,男装,,
1010012800050001,CAESAR,服装,男装,,
1010012800050002,SATCHI,服装,男装,,
1010012800050003,NOTTING HILL,服装,男装,,
1010012800050004,Luka DILONG,服装,男装,,其产品风格秉承欧洲贵族世代沿袭的对服饰品位的臻致考究，以一种特有的对高品位生活和对意大利服饰文化的专注和执著，孜孜不倦续写世界品位男装的典范标准。路卡迪龙(LUKA DILONG)设计简练、精致是豪华与简约的裁体，完全符合当今卓越男仕之时尚品味。
1010012800050005,路卡迪龙,服装,男装,,1886年，意大利名城佛罗伦萨，D.L.LONS先生创立了第一家路卡迪龙(LUKA DILONG)男仕服饰系列专卖店。路卡迪龙经过一百多年的不断发展，路卡迪龙精湛的手工制作工艺使路卡迪龙(LUKA DILONG)成为欧洲的崇尚着装标志之一。
1010012800050006,BOSSsunwen,服装,男装,,BOSSsunwen-英伦风轻奢侈品牌。BOSSsunwen能为全世界每一位现代男士提供设计精湛工艺考究的“典雅、时尚、商务”服装&配饰的品牌公司。如今，由法国设计师JERO BLOCH担任品牌设计创意总监的BOSSsunwen品牌，仍秉承着BOSSsunwen品牌所特有的正统与休闲相结合的设计风格，崇尚优雅舒适、自热从容的生活理念，每一款产品都尽力追求品牌与内涵的极致，其产品线囊括了西装、夹克、大衣、皮衣、衬衣、T恤、休闲裤、皮鞋、皮具等600多个品类，真正地实现了一牌多品的品牌经营理念。
1010012800050007,Lozio,服装,男装,,
1010012800050008,九牧王,服装,男装,,九牧王(601566)是中国领先的商务休闲男装品牌企业，公司核心产品九牧王男裤及茄克已经占据市场领导者地位。截至2011年，公司主导产品九牧王品牌男裤综合市场占有率连续十二年位居全国第一，商务休闲男装综合市场占有率连续两年位居全国第一，茄克综合市场占有率连续四年位居全国第二。（以上市场占有率来自中华全国商业信息中心对全国重点大型零售企业、商业集团的统计数据）
1010012800050009,依文,服装,男装,,一个不简单用年龄，阶层来区分男人，而是不经意间感动着这些平凡而“成功”的男人的专业男士正装品牌。
1010012800050010,尼诺里拉,服装,男装,,「尼诺里拉」灵感源自经典时尚之都―意大利。服装工艺大师尼诺里拉先生建立了第一家服装订制工作室，不到5年时间，工作室的知名度受到了当地名流圈子的关注，一些电影明星也倾慕这个具有优良工艺及以上乘面料为特点的服装，至此，这位大师终于用了自己的名字命名的品牌。
1010012800050011,E.ORILKS,服装,女装,,
1010012800050012,瓦尔德龙,服装,男装,,
1010012800050013,GIVENCHY,服装,箱包,,Givenchy，来自法国的时装品牌，纪梵希最初以香水为其主要产品，后开始涉足护肤及彩妆事业。该企业品牌在世界品牌实验室（World Brand Lab）编制的2006年度《世界品牌500强》排行榜中名列第四百一十一。
1010012800050014,CELINE,服装,箱包,,"1945年，女设计师赛琳・薇琵娜（Celine Vipiana）在巴黎开设第一间店铺“CELINE, Le bottier pour enfants”，以售卖高级男童皮鞋起家，至今已有60多年的历史。自1959年起，女装、手袋成为赛琳 (Celine) 主力项目。赛琳 (Celine) 手袋上各式各样的图案，如双轮马车，OMEGA，花朵及半月标记，更是深深地代表赛琳 (Celine) 的经典。"
1010012800050015,嘎帝尔,服装,男装,,
1010012800050016,WOLSEY,服装,箱包,,1755年诞生于以纺织业闻名的英国Leicester市，历经几个世纪的持久考验，以其精湛的品质、完美的设计、细致的工艺、高度的信誉，传承至今，不断缔造WOLSEY（金狐狸）的经典之作。
1010012800050017,KALTENDIN,服装,男装,,卡尔丹顿，KALTENDIN自诞生起以其经典揉和时尚的设计，考究高贵的面料结合精湛的裁剪及缝制技术赢得众多成熟男士的青睐，并迅速形成良好的口碑，收获了大批的忠实顾客。
1010012800050018,NEUBERLTN,服装,男装,,
1010012800050019,VICUTU,服装,男装,,
1010012800050020,GORNIA,服装,男装,,基于长期的市场考察和评估，把握中国男装市场对高端成衣品牌的旺盛需求，高档男装品牌GORNIA于2002年正式登陆中国市场。
1010012800050021,恺王,服装,男装,,恺王科技（北京）有限公司创立于1998年，专业研发制作销售高级行政商务男装，旗下K-ONE及凯王男装凭借时尚款型，一流品质及精准定位赢得众多消费者倾魅。
1010012800050022,雅戈尔,服装,男装,,雅戈尔集团（600177）创建于1979年，经过近30年的发展，逐步确立了以品牌服装、地产开发、股权投资三大产业为主体，多元并进、专业化发展的经营格局，成为拥有员工5万余人的大型跨国集团公司，旗下的雅戈尔集团股份有限公司为上市公司。2011年07月14日，一份报告披露了上市公司雅戈尔长期污染水源的情况。
1010012800050023,Bobbi Brown,个护化妆,个人护理,,BOBBI BROWN 芭比波朗，世界顶级专业彩妆品牌，由国际著名彩妆大师 Bobbi Brown女士于1991年在美国纽约创立。素有好莱坞裸妆皇后之称的Bobbi Brown以干净、清新、时尚的理念闻名于世，革命性首创的自然妆概念，令她在好莱坞、时尚界乃至各顶级时尚秀场中皆享有盛誉。
1010012800050024,JONIKAS,服装,男装,,
1010012800050025,仕东利,服装,男装,,欧洲的穿衣哲学与风格是全球世界所公认的经典艺术，并一直推崇至今。由于东西方文化的交融，使中国成为一个既独特又庞大的市场，集传统与时尚并存。STONNIE品牌致力于把西方的时装品位融合到东方的传统穿衣理念中，在不同的文化元素之间寻求一种和谐与平衡。
1010012800050026,卡尔蒂尼,服装,男装,,
1010012800050027,庄子,服装,女装,,
1010012800050028,PERSEPHONE,服装,男装,,珀耳塞福涅（希腊语：Περσεφ?νη；英语：Persephone）是希腊神话中冥界的王后，她是众神之王宙斯和农业女神得墨忒耳的女儿，被哈迪斯（Hades）绑架到冥界与其结婚，成为冥后。
1010012800050029,SAINTPAULON,服装,男装,,
1010012800050030,CAPEL,服装,男装,,
1010012800050031,报喜鸟,服装,男装,,报喜鸟集团有限公司组建于1996年，以服装为主业，相继建设了温州、上海、合肥三大工业园区，创立报喜鸟高级男装品牌、宝鸟职业装品牌，同时控股中楠房地产开发公司进入房地产业。报喜鸟第三季净利降65.31% 报喜鸟[1] 日前发布的2013年第三季度财报显示，2013年第三季度，公司实现营业收入5.15亿元，同比下滑35.51%，归属于上市公司股东的净利润仅为0.75亿元，同比下滑65.31%。
1010012800050032,皮尔卡丹,服装,男装,,皮尔・卡丹（Pierre Cardin；1922年7月2日－）出生于意大利水城威尼斯近郊，是一位知名的服装设计师，有同名商标及同名公司。
1010012800050033,罗马世家,服装,男装,,罗马世家服装服饰（北京）有限公司，是一家北京港资企业，自1995年在北京致力于“罗马世家”服装的生产及经营，通过不断努力，“罗马世家”在北京及全国服装制作行业中拥有了良好的声誉。
1010012800050034,Jeep,服装,男装,,Jeep是一个品牌，而不是一种车型，更不是一款服装。世界上第一辆Jeep越野车是1941年在二战中为满足美军军需生产的。至今已具有73年历史。戴姆勒克莱斯勒公司作为Jeep的鼻祖，单独拥有这一注册商标。因此“不是所有吉普都叫Jeep”。
1010012800050035,ZIPPO,服装,男装,,
1010012800050036,Hash Puppies,服装,鞋,,
1010012800050037,Canudilo,服装,男装,,CANUDILO是一个专注于商旅时尚的高级男装品牌，崇尚优雅的商务与旅行的生活方式，主张探索、分享与超越的艺术精神，用十年践行“商途即旅途” 的品牌哲思。CANUDILO以世界领先时尚文化及设计理念为指引，将商旅时尚的艺术性与实用性完美结合，不断推出自然、简约、精致、时尚、奢华的服饰系列产品。
1010012800050038,Liemoch,服装,箱包,,
1010012800050039,NINO FERLETTI,服装,男装,,
1010012800050040,Massalati,服装,男装,,玛莎拉蒂（Maserati）是一家意大利豪华汽车制造商，1914年12月1日成立于博洛尼亚（Bologna），公司总部现设于摩德纳（Modena），品牌的标志为一支三叉戟。1993年菲亚特（Fiat S.p.A.）收购玛莎拉蒂，但品牌得以保留。玛莎拉蒂曾经是法拉利（一家菲亚特拥有大部分股权的公司）的一部分，现为菲亚特克莱斯勒汽车直接拥有。而今的玛莎拉蒂全新轿跑系列是意大利顶尖轿跑车制作技术的体现，也是意大利设计美学以及优质工匠设计思维的完美结合。
1010012800050041,SOSSE,服装,男装,,
1010012800050042,雅戈尔,服装,男装,,雅戈尔集团（600177）创建于1979年，经过近30年的发展，逐步确立了以品牌服装、地产开发、股权投资三大产业为主体，多元并进、专业化发展的经营格局，成为拥有员工5万余人的大型跨国集团公司，旗下的雅戈尔集团股份有限公司为上市公司。2011年07月14日，一份报告披露了上市公司雅戈尔长期污染水源的情况。
1010012800050043,GAOPIN Golf,体育,体育用品,,
1010012800050044,Lacoste,服装,男装,,创始于1933年的LACOSTE一直是轻松高雅的代名词。凭借其纯正的体育血统，如今的LACOSTE象征着一种舒适、优雅的生活态度，独特的设计和高品质的产品涵盖了男装、女装和童装。LACOSTE 2012年的年销售额达到了18亿欧元，在全世界114个国家的LACOSTE精选销售网络中，平均每秒钟就有2件LACOSTE商品通过LACOSTE专卖店、商场专柜或者网络专营店售出。
1010012800050045,NAUTICA,服装,男装,,诺帝卡，Nautica的品牌名称来源于拉丁语“Nauticus”，意为船只。三角帆的logo则是冒险、活力与经典的象征。
1010012800050046,SANTA BARBARA,服装,箱包,,
1010012800050047,Timberland,服装,鞋,,Timberland 添柏岚是全球领先的户外品牌， 旗下有Timberland、Timberland PRO、SmartWool、Timberland Boot Company及Howies?等品牌，通过提供高质量、讲究细节的工艺制品，来满足不同户外环境下的需求。 添柏岚的产品透过北美洲、欧洲、亚洲、拉丁美洲、南非及中东的百货公司、专卖店和Timberland直营店营销全球。添柏岚在承诺对股东，雇员和消费者利益和责任的同时，做到对自然环境负责。
1010012800050048,CAMEL ACTIVE,服装,鞋,,德国骆驼始创于1977年，总部设在德国著名的城市科隆，是其母公司WBI推出的极其成功的品牌，全球设有16000家专卖店，年销售额在3亿欧元以上。
1010012800050049,普顿,服装,男装,,
1010012800050050,虎都,服装,男装,,虎都男装采用各自和条纹组合的丝光面料精制而成。领部采用欧洲传统八字领风格设计，领围舒适领片，更显挺括，同时，领角配领角片，更显浪漫复古。肩部衔接大气自然，走线流畅，体现男士肩部英朗线条。再加上健康环保面料对男人肌肤的呵护，更是受到男士的青睐与欣赏。
1010012800050051,Hush Puppies,服装,鞋,,Hush Puppies&reg；品牌的创始人Mr. Jim Muir（吉姆-缪尔）曾对该品牌做精神定义，他认为：“ Hush Puppies&reg；应被视为一个家族品牌（Family Brand），它是没有性别及年龄的区别，属于家族全体的休闲服饰商品。”40多年来， Hush Puppies&reg；凭着对创造理念的坚持，至今足迹已遍布世界120个国家，2000多个城市，其中包括美国、澳大利亚、日本、韩国、新加坡、印尼、中国及欧洲等国家等。
1010012800050052,Season Lano,服装,男装,,
1010012800050053,Jeep,服装,男装,,Jeep是一个品牌，而不是一种车型，更不是一款服装。世界上第一辆Jeep越野车是1941年在二战中为满足美军军需生产的。至今已具有73年历史。戴姆勒克莱斯勒公司作为Jeep的鼻祖，单独拥有这一注册商标。因此“不是所有吉普都叫Jeep”
1010012800050054,SATCHI,服装,男装,,沙驰登陆中国大陆市场，以其卓越品质迅速扩展，于全国100多家顶级商场开设品牌专柜；于2012年沙驰登录淘宝网开启官方旗舰店《品尚皮具直销店》；为各界成功男式带来欧洲经典着装和箱包的新体验。
1010012800050055,Jeep,服装,男装,,Jeep是一个品牌，而不是一种车型，更不是一款服装。世界上第一辆Jeep越野车是1941年在二战中为满足美军军需生产的。至今已具有73年历史。戴姆勒克莱斯勒公司作为Jeep的鼻祖，单独拥有这一注册商标。因此“不是所有吉普都叫Jeep”
1010012800050056,BOSSsunwen,服装,男装,,BOSSsunwen-英伦风轻奢侈品牌。BOSSsunwen能为全世界每一位现代男士提供设计精湛工艺考究的“典雅、时尚、商务”服装&配饰的品牌公司。如今，由法国设计师JERO BLOCH担任品牌设计创意总监的BOSSsunwen品牌，仍秉承着BOSSsunwen品牌所特有的正统与休闲相结合的设计风格，崇尚优雅舒适、自热从容的生活理念，每一款产品都尽力追求品牌与内涵的极致，其产品线囊括了西装、夹克、大衣、皮衣、衬衣、T恤、休闲裤、皮鞋、皮具等600多个品类，真正地实现了一牌多品的品牌经营理念。
1010012800050057,林宝坚尼,服装,箱包,,
1010012800050058,Desfone,服装,男装,,
1010012800050059,JAGUAR,个护化妆,个人护理,,
1010012800050060,DANIEL HECHTER,服装,箱包,,DANIEL HECHTER品牌是法国著名设计师，是由Mr. Daniel Hechter于1962年以其名字命名的品牌。
1010012800050061,AEEIKO,服装,箱包,,
1010012800050062,LONDON FOG,服装,男装,,作为国际上最著名的服装品牌之一，LONDONFOG（伦敦雾）系列风雨衣产品深受全世界个阶层消费者的喜爱，并拥有一个非常稳定的、高品位的顾客群。他们的共同特征为年龄在30岁以上、受过良好教育、有一定社会经济地位，同时具有较高收入（年薪在5万美元以上）和文化品位，拥有美满幸福家庭的各界人士。对高水平生活品位的执着追求，促使他们通过选择购买"伦敦雾"品牌产品来体现更高层次的人生价值。
1010012800050063,FENGFEI-Z,服装,男装,,
1010012800050064,观奇洋服,服装,男装,,观奇品牌是由观奇洋服有限公司于上世纪六十年代初期在香港创立，经历四十几年的不断拓展，现发展成为庞大的洋服集团，其连锁店网络遍布全中国各大城市，数目逾百间，无论量身订造或成衣制品，都能满足香港、澳门及全中国广大消费者对优质洋服之需求，成为享誉国际的洋服集团之一。
1010012800050065,s.t.dupont,服装,箱包,,【S.T.Dupont】法国名牌s.t.dupont都彭被香港迪生集团收购。早在1930年，法国都彭精品已成为世界各地显赫人士钟爱的用品，包括欧洲各国的王室贵族、工商巨子等都对都彭的产品爱不释手。在1947年，都彭更特别为英女皇伊利莎白及爱丁堡公爵之婚礼制造一套旅行手提袋。业务遍布全球。随着市场的发展，S.T.Dupont逐渐扩大其豪华产品系列，相继推出男士服装及配饰、皮具、打火机、书写工具、男鞋、腕表、雪茄配件、眼镜、香水等。
1010012800050066,mister,服装,箱包,,Mister（名仕） 是西班牙皮具品牌。 由创始人MiguelVillaescusa(M.V.)在1969年创立于西班牙的阿尔瓦塞特
1010012800050067,MELCHNER,服装,男装,,
1010012800050068,Pierre Cardin,服装,鞋,,皮尔・卡丹（Pierre Cardin；1922年7月2日－）出生于意大利水城威尼斯近郊，是一位知名的服装设计师，有同名商标及同名公司
1010012800050069,SATCHI,服装,男装,,沙驰登陆中国大陆市场，以其卓越品质迅速扩展，于全国100多家顶级商场开设品牌专柜；于2012年沙驰登录淘宝网开启官方旗舰店《品尚皮具直销店》；为各界成功男式带来欧洲经典着装和箱包的新体验。
1010012800050070,BOSSsunwen,服装,男装,,BOSSsunwen-英伦风轻奢侈品牌。BOSSsunwen能为全世界每一位现代男士提供设计精湛工艺考究的“典雅、时尚、商务”服装&配饰的品牌公司。如今，由法国设计师JERO BLOCH担任品牌设计创意总监的BOSSsunwen品牌，仍秉承着BOSSsunwen品牌所特有的正统与休闲相结合的设计风格，崇尚优雅舒适、自热从容的生活理念，每一款产品都尽力追求品牌与内涵的极致，其产品线囊括了西装、夹克、大衣、皮衣、衬衣、T恤、休闲裤、皮鞋、皮具等600多个品类，真正地实现了一牌多品的品牌经营理念。
1010012800050071,利奥纳多,服装,男装,,
1010012800050072,CHRISDIEN DENY,服装,男装,,
1010012800050073,Crown,服装,箱包,,
1010012800050074,喜来登,服装,男装,,
1010012800050075,ZOTENO,服装,男装,,
1010012800050076,None,服装,男装,,
1010012800050077,捷尼凯诗,服装,男装,,
1010012800060000,乔山按摩椅\跑步机,体育,体育用品,,乔山按摩椅是乔山JOHNSON集团推出的按摩椅系列，他引进日本先进按摩手技，配合先进的技术优势，（3D按摩球），高速脉冲气压按摩，是一个舒适款的按摩椅系列。
1010012800060001,YONEX,体育,运动装,,尤尼克斯（YONEX） 是世界最出名的羽拍，也是每一个羽毛球爱好者都想拥有的羽拍，为了统治羽拍市场，也为了尽量满足不同使用需求，尤尼克斯研发了大量的型号，让人眼花缭乱。作为世界知名的羽拍专业制造商，尤尼克斯完全体现日本工艺的精益求精，羽拍牢牢占据世界第一的地位，同时网球拍也得到许多知名球星的喜爱。
1010012800060002,Mizuno,体育,运动装,,美津浓由日本美津浓株式会社于1906年创立，经过一个多世纪的不断努力现已成为世界领先的运动器具、服装和鞋类生产商
1010012800060003,LOWA,体育,运动装,,LOWA创立于德国南部巴伐利亚州Jetzendorf。依托90余年的专业制鞋经验，LOWA正作为德国国家标准为全球提供真正的高品质户外运动鞋。对每个细节的苛求，保证了每对LOWA鞋的卓越品质。LOWA挑选全球优质材料；配合世界级专业鞋底；铺以十余项专利技术及全球领先足部舒适系统；于欧洲手工打造每一对户外鞋。
1010012800060004,哥伦比亚,体育,运动装,,
1010012800060005,The North Face,体育,运动装,,乐斯菲斯，户外服装品牌。2014年3月10日，在山东省消费者协会公布的旅游鞋比较试验报告中，乐斯菲斯品牌旅游鞋样品部分检查项目不符合国家标准。
1010012800060006,adidas,体育,运动装,,阿迪达斯（adidas）是德国运动用品制造商，阿迪达斯AG的成员公司。以其创办人阿道夫・达斯勒（Adolf Adi Dassler）命名，在1920年于接近纽伦堡的黑措根奥拉赫开始生产鞋类产品。1949年8月18日以adidas AG名字登记。阿迪达斯原本由两兄弟共同开设，在分道扬镳后，阿道夫的哥哥鲁道夫・达斯勒 （Rudolf Dassler）开设了运动品牌puma。其经典广告语：“没有不可能”（Impossible is nothing）。2011年3月，斥资1.6亿欧元启用全新口号――adidas is all in（全倾全力）。
1010012800060007,Fila,体育,运动装,,FILA（斐乐）是世界前三位的运动品牌，主要从事网球、划雪、高尔夫、瑜珈、赛车等高雅运动相关产品的开发。明快大胆的设计风格、卓尔不群的高雅气质和独特的产品功效，使FILA（斐乐）在国际顶尖运动品牌中风韵独具，誉满全球。
1010012800060008,CONVERSE,体育,运动装,,1908年由美国摩尔・匡威于麻省春田市创办了篮球鞋的专业制造厂，Converse ALL STAR于是就诞生了。1917年正式推出了ALL STAR帆布鞋，以其狂放不羁的设计，风靡全球一炮而红。1923年以具有运动天赋和口才的篮球明星CHUCK TAYLOR的亲笔签名成为著名商标。集复古、流行、环保于一身的ALL STAR帆布鞋，是美国文化的精神象征，以其随心所欲，自由自在没有约束的穿着形态，更成为追求自我时尚的青年人的忠实排挡。在中国市场，现在上市的有ALL STAR CHUCK TAYLOR （全明星经典帆布鞋）、JACK PURCELL（开口笑）、CONS（滑板运动鞋）三大系列。
1010012800060009,Nike,体育,运动装,,NIKE是全球著名的体育用品品牌，英文原意指希腊胜利女神，中文译为耐克。
1010012800060010,HEATWAVE,服装,男装,,
1010012800060011,浩沙,体育,体育用品 ,,浩沙公司始于20世纪80年代，自成立之初起，一直专注于室内运动市场，并成功地发展成为中国最大的室内运动品牌。无论在室内运动服饰或是健身服务机构领域，都处于领先地位。自2008年起，浩沙连续成为为室内运动服饰和健身服务行业唯一进入世界品牌实验室评测的中国500最具价值品牌榜的企业，2012年，浩沙品牌价值评估为21.18亿。
1010012800060012,Speedo,体育,运动装,,速比涛 (Speedo) 是世界著名的泳衣制造商SPEEDO公司的运动品牌。速比涛 (Speedo) 来自澳大利亚，创立于1928年。Speedo的产品分4大类：包括有助去水的比赛泳衣，如鲨鱼衣的“竞速夺标系列”、超耐用泳衣的“练水专用系列”、童装泳衣“小童游泳入门系列”和沙滩裤“时尚休闲系列”。
1010012800060013,李宁,体育,运动装,,
1010012800060014,探路者,体育,运动装,,国家统计局行业企业信息发布中心调查统计显示：2008-2012年探路者更是连续五年蝉联中国户外用品市场同类产品销量第一
1010012800060015,ECCO,体育,运动装,,ECCO（中文名称：爱步），成立于1963年，是来自丹麦的鞋履品牌。其鞋类产品涵盖休闲正装系列、户外系列、运动系列、高尔夫系列和儿童系列；其他产品包括包袋配件、小皮件、鞋护产品等。
1010012800060016,颂拓,其他,钟表,,"自从芬兰的工程师兼户外运动爱好者Tuomas Vohlonen 在20世纪三十年代用自创的液体填充的罗盘获取了更为精确的刻度读数以后,SUUNTO一直以来就是最可信赖的，最为精确的户外运动产品的代表。"
1010012800060017,Ozark,体育,运动装,,奥索卡为户外运动品牌，并建立了西藏登山学校、CMDI中国登山高级人才培训班，使中国攀登运动融入世界前沿理念，持续进取。
1010012800060018,诺诗兰,体育,运动装,,NORTHLAND品牌由奥地利著名登山家Gerwalt Pichler于1973年在奥地利第二大城市格拉茨创立，从专注极限攀岩与登山的专业技术品牌发展为涵盖运动、城市休闲的户外全线先驱。通过40年的不断探索、积累和创新，NORTHLAND已在全球39个国家成功开店，成为国际知名户外品牌。
1010012800060019,Hanwag,体育,运动装,,hanwag（中文译名：悍威）是德国著名户外品牌，始创于1921年，创始人Hans Wagner先生1896年出生于德国巴伐利亚州耶岑多夫市的制鞋世家。Wagner家族是19世纪末德国著名的制鞋世家。Wagner先生的祖父和父亲都是闻名遐迩的德国制鞋大师，受家族传统的影响，Wagner先生从小就和两个兄弟一起跟随父亲学习制鞋技术和商业运作。Wagner先生的两个兄弟分别创立了HOCHLAND和LOWA品牌。
1010012800060020,blackyak,体育,运动装,,
1010012800060021,KAILAS,体育,体育用品 ,,KAILAS（凯乐石），专业户外品牌，国际攀岩联合会（IFSC）官方器材供应商与美国国家攀岩队官方安全器材供应商。一直致力于推动民间登山与探险运动的发展，实施了包括“KAILAS户外教练成长计划”、“KAILAS攀登队员”、“KAILAS登山探险学校”等公益项目，与中国登山协会合作开展“攀岩希望之星”项目，推动了青少年攀岩运动发展，为中国登山及户外运动培养了一大批重要的后备人才。而且KAILAS还赞助了包括登山、攀岩、攀冰、越野挑战赛等多项户外专业赛事，为登山及户外运动在中国的普及与发展贡献了重要力量。
1010012800060022,Crocs,服装,女装,,crocs（卡骆驰）是一家总部位于美国科罗拉多州的鞋履设计、生产及零售商，以crocs品牌于市场上推出男装、女装及童装的舒适鞋款。创立于2002年，crocs鞋子最初的产品市场定位是帆船运动和户外运动者，后来因为它穿着舒适而受到不同消费者的青睐
1010012800060023,Phiten,服装,女装,,
1010012800060024,adidas,体育,运动装,,阿迪达斯（adidas）是德国运动用品制造商，阿迪达斯AG的成员公司。以其创办人阿道夫・达斯勒（Adolf Adi Dassler）命名，在1920年于接近纽伦堡的黑措根奥拉赫开始生产鞋类产品。1949年8月18日以adidas AG名字登记。阿迪达斯原本由两兄弟共同开设，在分道扬镳后，阿道夫的哥哥鲁道夫・达斯勒 （Rudolf Dassler）开设了运动品牌puma。其经典广告语：“没有不可能”（Impossible is nothing）。2011年3月，斥资1.6亿欧元启用全新口号――adidas is all in（全倾全力）。
1010012800060025,Nike,体育,运动装,,NIKE是全球著名的体育用品品牌，英文原意指希腊胜利女神，中文译为耐克。
1010012800060026,列维士,其他,家纺,,
1010012800060027,Apple专卖,电器,电子数码,,
1010012800060028,Lee,服装,男装,,LEE，是一个创建于1889年的美国著名牛仔裤品牌，追求实用与时尚，创造了经典的吊带工人裤，生产了世界上第一条拉链牛仔裤，凭着其首创及经典设计，LEE牛仔裤成为牛仔裤坛的经典与权威，被誉为世界三大牛仔裤品牌之一。创办人H D Li最初开设一家工作服制造厂，主要供应日常工作服给予美国中、西部的农夫和工人。当时的经典有些至今仍流行着，如吊带工人裤"BIB’N’BRACE”，以及在一次世界大战成为美军制服的长袖连身工人裤"UNION ALL”。
1010012800060029,JACK&JONES,服装,男装,,JACKJONES品牌诞生于1972年，以其简洁纯粹的风格吸引全球追球时尚男性的目光，代表了欧洲时尚潮流的男装品牌。目前杰克.琼斯在全球18个国家和地区均设有形象店。
1010012800060030,渔,服装,女装,,
1010012800060031,AIGLE,体育,运动装,,AIGLE源自1853年，法国知名户外休闲品牌，总部位于法国巴黎。专精于提供具有时尚设计感的功能性休闲外套、时尚胶靴，并以航海及马术活动为灵感来源，充分体现法兰西民族的户外休闲生活形态。
1010012800060032,Jack Wolfskin,体育,运动装,,Jack Wolfskin公司亚洲区总监Tobias Tennstedt介绍，Jack Wolfskin户外产品有滑雪系列、徒步系列（长途徒步、城市休闲）、登山系列。其他产品还有手套、帽子、围巾等，服装同时兼有时尚性。比较重要的产品旅行系列，具备防紫外线、防脏的功效，而另一种防蚊虫设计，则是非常神奇的设计。
1010012800060033,treksta,体育,运动装,,Treksta则作为严弘吉(第一位登顶世界所有8000米高峰的亚洲人)的赞助商在韩国家喻户晓，treksta也是韩国市场占有率第一的登山鞋品牌。
1010012800060034,KROCEUS,服装,男装,,上海嘉麟杰运动用品有限公司系上海嘉麟杰纺织品股份有限公司（深交所上市公司）全资子公司，是中国第一家成为世界上最严格的环保标准bluesign system合作伙伴。母公司注册资金：15600万，主要股东：日本兼松纤维株式会社、日本日阪株式会社、天津泰达等上市公司；作为高新技术企业，在功能性面料的研发、生产、管理等方面具备丰富的经验；专业优秀的研发团队。
1010012800060035,Actionfox,体育,体育用品,,
1010012800060036,Ochirly,服装,女装,,欧时力（香港）集团有限公司，是意大利欧时力OCHIRLY品牌在亚太地区全权运营机构（亚太地区总部），负责欧时力OCHIRLY在亚太地区的品牌运作业务
1010012800060037,ESPRIT,服装,女装,,ESPRIT其“在乎心态而非年龄”的设计理念已传遍全球。ESPRIT 代表着一个充满干劲、推崇合作、追求理想，以及对生命积极乐观的时尚生活品牌；ESPRIT为顾客塑造的，绝非仅仅是挂在身上的衣饰，更是一种生活方式，一对生活的态度，一种对自我的感觉。
1010012800060038,NICI,其他,工艺品,,来自德国的NICI，中文名叫礼祺，最知名的创造要算是他简单诚恳的动物系列。同时，它也是世界著名的泰迪熊的制造商之一。它主营玩具，2006年世界杯的吉祥物就是NICI生产的。同时NICI也卖各种小商品，如文具、钱包、贺卡等。NICI在中国各大城市均有专柜和专卖店。
1010012800060039,Hush Puppies,服装,男装,,Hush Puppies&reg；品牌的创始人Mr. Jim Muir（吉姆-缪尔）曾对该品牌做精神定义，他认为：“ Hush Puppies&reg；应被视为一个家族品牌（Family Brand），它是没有性别及年龄的区别，属于家族全体的休闲服饰商品。”40多年来， Hush Puppies&reg；凭着对创造理念的坚持，至今足迹已遍布世界120个国家，2000多个城市，其中包括美国、澳大利亚、日本、韩国、新加坡、印尼、中国及欧洲等国家等。
1010012800060040,OCHIRLY,服装,女装,,欧时力（香港）集团有限公司，是意大利欧时力OCHIRLY品牌在亚太地区全权运营机构（亚太地区总部），负责欧时力OCHIRLY在亚太地区的品牌运作业务
1010012800060041,伊丝艾拉,服装,女装,,伊丝艾拉（YISELLE）来自法国的内衣专家，摒承法国服饰高贵、典雅、浪漫的设计风格，结合中国女性的身形结构，塑造出时尚女性的优美体态，意在缔造中国最具实力、领导时尚的内衣品牌。
1010012800060042,COTTON REPUBLIC,服装,女装,,生活的要求，其实简单不过，只需要由一个简单的意念开始，不断延伸，便会产生无穷的变化，从而令生活更加充实。cotton REPUBLIC的产品研发，也是朝着这个意念发展的，产品可与其他产品相互配合使用，凭个人的创意和喜好随意增减，设计出一套属于自己的系统，使生活变的井然有序。
1010012800060043,芬狄诗,服装,女装,,“芬狄诗”内衣是安莉芳的一个附属品牌，Fandecie芬狄诗是安莉芳集团凭借其强大的品质保证体系（国内同行业率先通过ISO9001质量体系认证）和系统有序的销售网络（国内四十多个城市1000多家专柜/专卖店，连续六年同类产品中国销售第一）隆重推出的又一女性内衣品牌，产品主要特点是时尚美丽，拥有卓越的性能价格比，让所有女性都能轻松的实现“内在美”的梦想。
1010012800060044,imi’s,服装,女装,,
1010012800060045,海盗船,服装,男装,,
1010012800060046,ONLY,服装,女装,,ONLY是欧洲著名的国际时装公司丹麦BESTSELLER拥有的四个著名品牌之一。ONLY拥有许多设计师，他们遍布巴黎、米兰、伦敦和哥本哈根等主要时尚发源地，这使ONLY 永远站在欧洲流行的最前沿。ONLY1996年来到中国，BESTSELLER集团成立于1974年。
1010012800060047,Five Plus,服装,女装,,"2009年秋天，各大商场的显著位置都出现了一个粉红色的、不规则线条建筑的时装店铺：ochirly的姐妹品牌Five Plus, 张扬个性时髦独特的风格，与城中腻味了经典大牌的时装不安分子们一拍即合，迅即成为潮流风向标。 Five / 5，这个数字，是一个独立和富有自我力量的数字；Plus/+，这个符号则象征着无止境的追求和探索。 Music, Explore, Art，Love，Peace这五个元素就这样融入了品牌的灵魂，成为Five Pl.us的品牌精神！ Music是Five Plus的绝对主张，Rock、electro, Jazz等跃动的音符抽象成具有无限延展力的圆点，充满个性和能量的图案。"
1010012800060048,Marie n' Mary,服装,女装,,朗姿股份有限公司是中国高端女装国内A股第一家上市公司。是一家通过时尚产业，创造美丽，引领女性成就者着装并帮助人们成就美丽人生的时装公司。
1010012800060049,TRIBECA,服装,女装,,Tribeca 是设计独特的高层建筑，位于吉隆坡市中心的战略地点。由著名的Low Yat Group（刘蝶集团）旗下的子公司Bakti Dinamik Sdn. Bhd.开发。项目融合着商务与休闲的生活理念，希冀给住户提供最好的生活享受，特别开发设置5个不同的区域，满足不同人的需求，让住户尊享高尚奢华生活。
1010012800060050,VERO MODA,服装,女装,,"VERO MODA是欧洲著名的时装公司丹麦BESTSELLER拥有的四个著名品牌之一。VERO MODA拥有许多设计师，他们遍布巴黎、米兰、伦敦、和哥本哈根等主要时尚发源地，这使VERO MODA永远站在欧洲流行的最前沿。国家：丹麦 Ringk?bi ng, Denmark创建年代：1987年创建人：Troels Holch Povlsen产品系列：女装、配饰维莎曼 (VERO MODA) 设计风格：经典中渗透最新的时尚感觉，简洁的款式突出优雅的女人味。VERO MODA是丹麦国际时装公司BESTSELLER集团旗下知名品牌之一。2001年VERO MODA进入中国市场，面向25-35岁女性的职业休闲装。"
1010012800070000,梦洁,其他,家纺,,湖南梦洁家纺股份有限公司（以下简称公司）始于1956年，秉承“爱在家庭”核心理念的同时恪守品格与博爱的企业文化。公司凭借着深厚的历史底蕴，不懈追求本真的生活态度和精益求精的生产理念，已然成为业界翘楚。
1010012800070001,CALVIN KLEIN,其他,家纺,,Calvin Klein（简称：CK），是一个美国时装品牌，于1968年成立，创始者为同名设计师卡尔文・克莱恩，曾经连续四度获得知名的服装奖项；其创始人Calvin Klein 1942年出生于美国纽约，就读于著名的美国纽约时装学院（F I T）
1010012800070002,WENTEX,其他,家纺,,
1010012800070003,喜来登,其他,家纺,,喜来登(Sheraton)是世界500强的喜达屋饭店及度假村管理集团旗下的品牌。
1010012800070004,佳丽斯,其他,家纺,,福建佳丽斯家纺有限公司，2001年9月由原国有企业龙岩佳丽纺织装饰用品公司改制而成，是一家专业设计、生产和销售家用纺织品的企业。
1010012800070005,Casablanca,其他,家纺,,
1010012800070006,恐龙纺织,其他,家纺,,上海恐龙纺织装饰品有限公司始建于1995年，是一家集床上用品、浴室用品、室内装饰品生产、销售、代理、出口为一体的外商独资企业。
1010012800070007,以旺,其他,家纺,,
1010012800070008,以旺,其他,家纺,,
1010012800070009,ESPRIT HOME,其他,家纺,,
1010012800070010,罗卡芙,其他,家纺,,"罗卡芙（ROYALCOVER）是Lyontex s.r.l., Italy旗下的家纺品牌，其奢华面料品质深受欧洲贵族和名人追捧。"
1010012800070011,提籁雅,其他,家纺,,
1010012800070012,依娜,其他,家纺,,
1010012800070013,馨亭,其他,家纺,,馨亭（La Maison de Domitille）是法国著名的Fremaux Delorme S.A.（福莱蒙德罗姆集团）旗下的一个知名家居品牌。浪漫、温馨、时尚是馨亭（La Maison de Domitille）对家居生活的诠释，其设计师均来自于法国顶级专业设计团队，设计师们捕捉美好生活的每一个瞬间灵感，融合东方醇厚的文化艺术，创造出绽放温馨生活品位的馨亭（La Maison de Domitille）。
1010012800070014,LEXINGTON,其他,家纺,,
1010012800070015,FRETTE,其他,家纺,,Frette150年前诞生在意大利，不仅是意大利皇室和全球众多皇家贵族的官方指定供应商，也是世界知名的多家五星级酒店的供应商，其中包括巴黎Ritz酒店、伦敦Savoy酒店、罗马Grand酒店、纽约Plaza酒店、香港半岛酒店、香港文华东方酒店和新加坡莱佛士酒店，与此同时FRETTE还向泰坦尼克号、东方快车等一系列豪华游轮和火车提供产品。
1010012800070016,逸品嘉诗,其他,家纺,,
1010012800070017,琉园,其他,工艺品,,
1010012800070018,FRANZ,其他,工艺品,,弗朗茨（Franz）源于波兰命名的服装品牌，其产品定位尊崇波兰古典主义风格，低调儒雅。特色，在于古典简约又不失潮流化的设计，用了具有伸缩性的现代感素材，复古中赋予新意，可以说创超了流行的独特风格。非常重视品质的Franz广受欢迎。 
1010012800070019,Villeroy&Boch,其他,工艺品,,
1010012800070020,宜龙艺术陶瓷,其他,工艺品,,
1010012800070021,米兰菲丽,个护化妆,个人护理,,
1010012800070022,内野,儿童母婴,家纺,,
1010012800070023,利奥纳多,服装,男装,,
1010012800070024,乐美雅,其他,工艺品,,乐美雅（Luminarc）是弓箭旗下的一个纯玻璃制品品牌・ 乐美雅（Luminarc）是目前国内质量最好最贵的玻璃器皿，与集团公司法国弓箭一样，乐美雅品牌至今已有180多年的历史，在全世界范围内享受美誉。乐美雅（Luminarc）品牌传承百年玻璃制作工艺，融合高科技尖端技术，将艺术与时尚容入设计，呈现超越产品的生活艺术。
1010012800070025,BOHEMIA,其他,工艺品,,
1010012800070026,象印,儿童母婴,母婴用品,,象印公司自成立，以采用真空绝热技术而开发出保温瓶以来，不断创新，续而开发出电饭煲、电热水瓶、电火锅、电烤箱、咖啡壶、保温便当盒、真空保温瓶等系列生活小家电，还不断开发用于改善生活环境的空气净化器、加湿器等产品。
1010012800070027,Tiger,其他,厨具,,
1010012800070028,米技,其他,厨具,,米技电子电器（上海）有限公司Miji Electronics and Appliances(Shanghai)Ltd.是德国独资企业，于2001年成立。公司专业致力于电炉具的设计研发、生产制造、提供销售和全方位服务，并始终秉承德国工业追求制造高使用价值和高技术含量产品的核心思想，通过不断地研究中国厨房应用环境和消费者居家烹饪的习惯，提供适用的解决方案，引领着中国电炉具行业的发展。除电炉具外，公司还陆续配套推出相关高档时尚的家居生活用品，以不断满足用户高品质生活的需要。
1010012800070029,喜力特,其他,厨具,,喜力特（醋氯芬酸胶囊），适应症为骨关节炎、类风湿性关节炎和强直性脊椎炎引起的疼痛和炎症的症状治疗。
1010012800070030,Lagostina,其他,厨具,,"Lagostina（拉歌蒂尼,香港叫乐锅）乐在ThinkDesign　Lagostina（拉歌蒂尼,香港叫乐锅）是意大利工业与艺术的结晶，至今有110年历史。锅身采用外科手术用刀材质，品质卓越。外形高雅美观，线条流畅多变，强调时尚轻松、健康快乐、无油烟、保留营养原味的烹饪理念。"
1010012800070031,zwilling,其他,厨具,,
1010012800070032,Fissler,其他,厨具,,
1010012800070033,OQO,其他,厨具,,
1010012800070034,liven,儿童母婴,母婴用品,,
1010012800070035,Vidsel,其他,厨具,,
1010012800070036,钟表,其他,钟表,,
1010012800070037,BOSE,电器,家用电器,,BOSE是全美国最大的扬声器厂家之一，总部坐落在美国麻省，单是从事研究开发的工程师就有几百人，是一家全资独立公司。
1010012800070038,大型家电,电器,家用电器,,
1010012800070039,BRAUN,电器,家用电器,,布劳恩1850年6月6日出生于德国的富尔达（Fulda）。他在此地接受了地方普通中学的教育。他曾在马尔堡大学、柏林大学学习过，1872年毕业，他的毕业论文是关于弹性弦的振动。后来他在维尔茨堡大学担任过昆开（Quincke）教授的助手，1874年受聘到莱比锡的圣托马斯中学任教。两年后他受聘为马尔堡大学的理论物理学编外教授，1880年又被聘请到斯特拉斯堡大学担任同样的职务。1883年布劳恩成了卡尔斯鲁厄（Karlsruhe）工业大学的物理学教授，并于1885年受聘到杜宾根大学任教。他到这里的任务之一是建立一所新的物理研究所。他没有接受莱比锡大学的邀请去继承魏德曼的职务，而是在10年后于1895年又返回斯特拉斯堡担任物理研究所主任。
1010012800070040,Panasonic,电器,电子数码,,松下电器多年来致力于研究先进技术，为中国消费者提供包括冰箱、电视机、数码相机、调理小家电、空气净化器在内的高品质电器产品。
1010012800070041,亚都,电器,电子数码,,北京亚都科技股份有限公司创立于 1987 年，注册资本 1.7 亿元，是国内空气品质 （ IAQ）领域起步最早、规模最大、自主知识产权最多的国家大型企业。 亚都公司是国家科技部首批认定的“民营高新技术企业”和中关村科技园区的优秀新技术企业，其品牌是北京市著名商标，其产品“亚都加湿器”和“亚都净化器”是北京市名牌产品。
1010012800070042,瑞而士健康屋,体育,体育用品,,
1010012800070043,OSIM,电器,电子数码,,(OSIM International) 由集团主席沈财福博士于1980年所创立。公司的前身是一家贸易商店，主要是售卖厨房电器和家庭用品。之后，公司开始售卖两种保健产品 - 手提按摩器和反射区滚轴。1987年，公司扩大业务和销售网络，在新加坡、中国香港和中国台湾等市场开设10个分销点，销售家庭用品和保健产品。
1010012800070044,Panasonic,电器,电子数码,,松下电器多年来致力于研究先进技术，为中国消费者提供包括冰箱、电视机、数码相机、调理小家电、空气净化器在内的高品质电器产品。
1010012800070045,OMRON,电器,电子数码,,集团1933年5月10日创业至今的81年中，通过不断创造新的社会需求，已经发展成为全球知名的自动化控制及电子设备制造厂商，掌握着世界领先的传感与控制核心技术。
1010012800070046,三和松石,体育,体育用品,,
1010012800070047,便利电,电器,电子数码,,
1010012800070048,电视,电器,电子数码,,
1010012800070049,SONY,电器,电子数码,,索尼公司是世界上民用及专业视听产品、游戏产品、通信产品核心部件和信息技术等领域的先导之一。它在音乐、影视、电脑娱乐以及在线业务方面的成就也使其成为全球领先的电子和娱乐公司。
1010012800070050,Canon,电器,电子数码,,"佳能（Canon Inc.，キヤノン株式会社）东证1部：7751, NYSE：CAJ，总部设于日本东京大田区下丸子，是一家致力于图像、光学和办公自动化产品的日本公司，产品包括照相机、摄像机、复印机、传真机、影像扫描器和打印机等。"
1010012800070051,联想,电器,电子数码,,联想集团成立于1984年，是中科院计算所投资20万元人民币，由11名科技人员创办，是一家在信息产业内多元化发展的大型企业集团，富有创新性的国际化的科技公司，由联想及原IBM个人电脑事业部所组成。从1996年开始，联想电脑销量一直位居中国国内市场首位；2013年，联想电脑销售量升居世界第1，成为全球最大的PC生产厂商。
1010012800070052,DorDor Horse,服装,儿童装,,
1010012800070053,peek.a.boo,儿童母婴,儿童用品,,"peek.a.boo（中文名字皮卡泡泡），是广州英爱贸易有限公司继英氏之后的第二个自主品牌，以皮皮卡卡、泡泡精灵和大自然的互动为主线，以环保自然、内敛前卫为理念，展现还原孩子本真天性的品牌个性，突显中档价格、高端享受的品牌价值。皮卡泡泡定位“快时尚，国际平价儿童生活馆”,固守""因爱荣耀""的企业价值体系，以更广阔、更淳朴的形式回馈社会大众，帮助家长正确看待生命、认识友谊；学会坚强、勇敢；懂得谦让与合作的重要及分享的意义。"
1010012800070054,海威迩,儿童母婴,母婴用品,,“海威迩” （WHALE'C） 自进入市场以来，即透过一流的品质、独特的品牌形象向外界传达着，海威尔公司有着先进的营销手段和日益庞大的市场网络。公司的数据库和销售配送软件均由专业软件公司为 “海威迩”（WHALE'C）量身订做，从而确保了货品的高效配送和对市场的敏锐反应。
1010012800070055,MoonStar,服装,儿童装,,
1010012800070056,变形金刚,儿童母婴,儿童用品,,
1010012800070057,Naturino,服装,儿童装,,
1010012800070058,LEGO,儿童母婴,儿童用品,,乐高公司创办于丹麦，至今已有80年的发展历史，追本溯源，还得从它的金字招牌LEGO说起。商标“LEGO”的使用是从1934年开始，其语来自丹麦语“LEg GOdt”，意为“play well”（玩的快乐），并且该名字首先迅速成为乐高公司在Billund地区玩具工厂生产的优质玩具的代名词。多年来，“LEGO”图标也变化了多种形式，最新的图标是1998年制作，它是在1973年的版本基础上稍作调整而成，使之更便于在媒体上传播和识别。第一个生产地在丹麦的一所红房子中，那里就是乐高开始的地方。
1010012800070059,Gormiti,儿童母婴,儿童用品,,
1010012800070060,凯利特,儿童用品,儿童母婴,,
1010012800070061,森贝儿家族,儿童母婴,儿童用品,,
1010012800070062,TOMICA,儿童母婴,儿童用品,,Tomica(トミカ)是日本Takara Tomy 公司（前Tomy公司）所生产的系列合金玩具汽车及其相关产品的特指品牌。
1010012800070063,迪士尼,儿童母婴,儿童用品,,
1010012800070064,文具,其他,学习用品,,
1010012800070065,银辉,儿童母婴,儿童用品,,银辉玩具制品有限公司创立于一九七七年，至今已发展成为一家具有规模的国际性玩具公司，产品畅销世界各地。为配合业务的发展，自置于东莞的厂房于一九九三年初落成，成为重点生产基地，接着又在美国、中国北京、成都、广州、上海及武汉分别设立办事处，经销商遍布全国各地。
1010012800070066,Barbie,儿童母婴,儿童用品,,
1010012800070067,FisherPrice,儿童母婴,儿童用品,,"全球第一玩具品牌--美国费雪Fisherprice费雪牌玩具是来自美国的一个婴幼儿玩具品牌. 他是由美泰公司为宝宝量身定做的，姐妹品牌有享誉全球的芭比娃娃。费雪品牌是适合0－5岁的儿童。已有74年历史。美泰公司之费雪系列都竭诚地提供高品质、适龄的产品, 同时也重视玩具游戏的价值、益处、对儿童发展、安全性及如何引导父母亲适时使用产品。因此费雪牌玩具现今是世界上婴幼儿玩具类的第一品牌。"
1010012800070068,利快,儿童母婴,儿童母婴,,利快中国机构的前身为德国利快上市公司（Leifheit AG）1996年在中国香港设立的利快亚洲公司，及其后在中国大陆设立的利快亚洲公司北京代表处，基于德国公司的全球经营战略调整，于2003年撤消办事处并正式改制成为实体内资有限责任公司。
1010012800070069,WOLL,其他,厨具,,早在1974年，Norbert Woll先生开始尝试生产厨房用具并且在1979年成立了Norbert Woll公司。在1983年，WOLL公司推出了第一款采用冷硬铸造工艺生产的锅具，产品包括：锅、罐和烤箱，这些产品至今都是独一无二的―就算在20年后的今天―如果以高质量和一流的烹饪效果来评价。
1010012800070070,多样屋,儿童母婴,母婴用品,,多样屋 领导家居流行，创造生活时尚的TAYOHYA多样屋家居用品生活馆，主营厨房餐具、卫浴、床上居家摆设等系列产品。
1010012800070071,Apple,电器,电子数码,,苹果公司( Apple Inc. )是美国的一家高科技公司，2007年由美国苹果电脑公司( Apple Computer Inc. )更名为苹果公司，在2014年世界500强排行榜中排名第15，总部位于加利福尼亚州的库比蒂诺。苹果公司在1976年4月1日创立，在高科技企业中以创新而闻名，设计并全新打造了iPod和Mac 笔记本电脑（台式电脑）、OS X 操作系统，以及革命性的iPhone和 iPad。苹果公司已连续三年成为全球市值最大公司，在2012年曾经创下6235亿美元记录，2013年后企业市值缩水24%为4779亿美元，但仍然是全球市值最大的公司。
1010012800070072,爱国者,电器,电子数码,,北京华旗资讯科技发展有限公司，是一家1993年创立于北京中关村的高新技术企业。公司自创建以来，始终坚持以“六赢”理念为准则，即确保“大众、代理、员工、公司、供方、社会”参与合作的六方，共同获得合理利益的满足和发展的机会，使公司能够坚实、稳定的发展。
1010012800070073,SONY,电器,电子数码,,索尼公司是世界上民用及专业视听产品、游戏产品、通信产品核心部件和信息技术等领域的先导之一。它在音乐、影视、电脑娱乐以及在线业务方面的成就也使其成为全球领先的电子和娱乐公司。
1010012800070074,SAMSUNG,电器,电子数码,,三星集团是韩国最大的企业集团，包括85个下属公司及若干其他法人机构，在近70个国家和地区建立了近300个法人及办事处，员工总数30余万人，业务涉及电子、金融、机械、化学等众多领域。
1010012800070075,手机,电器,电子数码,,
1010012800070076,中国联通,电器,电子数码,,中国联合网络通信集团有限公司（简称“中国联通”）于2009年1月6日在原中国网通和原中国联通的基础上合并组建而成，在国内31个省（自治区、直辖市）和境外多个国家和地区设有分支机构，是中国唯一一家在纽约、香港、上海三地同时上市的电信运营企业，连续多年入选“世界500强企业”。
1010012800070077,芙儿优,儿童母婴,母婴用品,,芙儿优是中国婴童行业中首个提出婴童睡眠中心的企业，是中国婴童用品行业中最为高端的品牌之一
1010012800070078,英吉利那,儿童母婴,母婴用品,,英吉利那是L’INGLESINA baby婴幼儿产业的品牌，其含义为“英式婴儿车”。早在20世纪60年代，公司的创始人Liviano Tomasi创造出一辆婴儿车，名为“伦敦”系列。后公司将其正式命名“英吉利那”。
1010012800070079,I-Baby,儿童母婴,儿童用品,,i-baby是中国高端婴童领先品牌，涵盖世界顶级童床、童车、婴童服装、婴童家纺、儿童礼服等产品。秉承“天地之美，良心品质”的经营理念和“让下一代高贵成长”的企业使命，全面满足中国婴幼儿家庭的核心基本需求。
1010012800070080,chicco,儿童母婴,母婴用品,,诞生于意大利的Chicco(智高 )，以其十足专业性、高度的安全性及便利性，致力于开发贴心、安全、舒适、方便和可靠的婴幼商品。
1010012800070081,好孩子,母婴用品,儿童用品,,好孩子是全球领先的儿童用品公司及中国最大的母婴产品分销和零售平台，专业从事儿童及母婴产品的研发、制造、分销和零售。
1010012800070082,Infancee,儿童母婴,母婴用品,,Infancee（婴方喜）是美国J.C公司在中国境内的子公司，专门从事著名婴童品牌“婴方喜”（Infancee）的研发、生产与销售。 
1010012800070083,Calisse,服装,儿童装,,
1010012800070084,Gennie’s,儿童母婴,母婴用品,,
1010012800070085,O.C.T.mami,儿童母婴,母婴用品,,公司旗下品牌O.C.T.mami经过十余年的运作，已发展成为国内首个销售过亿的孕妇装品牌，网络遍及全国30多个省市，覆盖各主流百货商场。 2008年更获“中国驰名商标”的殊荣，并入围2008Zero2IPO-Venture 中国最具投资价值100强企业，成为国内孕妇装行业名副其实的第一品牌。
1010012800070086,Hallmark Babies,服装,儿童装,,
1010012800070087,英氏,服装,儿童装,,英氏是国内知名的婴幼儿食品品牌，旗下产品包括婴幼儿配方奶粉及米粉、清清葆、面条、肉酥、葡萄糖、饼干等多个婴幼儿辅食系列。英氏销售网络遍及中国大陆30多个省、市、自治区。英氏以“精致营养”为理念，提供均衡全面的营养补充，为中国宝宝专属定制奶粉，将世界级品质、可全程透明追溯的英氏Smile婴幼儿配方奶粉带给中国宝宝，帮助宝宝健康快乐成长
1010012800070088,AIMER KIDS,服装,儿童装,,
1010012800070089,丽婴房,服装,儿童装,,Les enphants，隶属于上海上海丽婴房婴童用品有限公司，取自法文「孩子们」的涵义。公司主营童装，童鞋，玩具，童床等儿童用品。
1010012800070090,拉比,服装,儿童装,,
1010012800070091,NUK,儿童母婴,母婴用品,,NUK（www.nuk.com.cn）是德国MAPA公司生产的世界高质量的婴儿用品的著名商标，在世界婴儿用品市场上享有很高的声誉。MAPA 公司的前身是创立于1947年德国不莱梅市(Bremen)的Hanseatische Gummiwerke Bachmann & Co. KG，并于60年代陆续并购多家橡胶制品公司，而规模日渐扩大。目前已在全世界70多个国家和地区销售。如今，MAPA公司隶属于在国际橡胶工业中具龙头地位的法国HUTCHINSON集团，而该集团更隶属于国际知名的石油公司-TOTAL S.A.。
1010012800070092,mastela,儿童母婴,儿童用品,,
1010012800070093,Senbodulun,服装,儿童装,,
1010012800070094,童装,服装,儿童装,,
1010012800070095,adidas kids,服装,儿童装,,
1010012800070096,水孩儿,服装,儿童装,,水孩儿"童装品牌， 1995年创立于中国北京。法文品牌名"SOUHAIT"，是中国本土最早的童装品牌。 中文品牌名"水孩儿"，品牌取意于"孩子像水一样的纯净透彻、活泼灵动"；法文品牌名"SOUHAIT"，源自法语，取"希望、美好的祝愿"之意，意指"孩子就是世界的希望，是我们美好的明天"。“水孩儿”童装品牌1995年诞生，主要服务于2-15岁少年儿童，开发以中式为特色，结合休闲、运动风格的各种系列服装产品。
1010012800070097,安奈儿,服装,儿童装,,深圳市安奈儿股份有限公司是一家专业设计、经营中高档童装的服装企业，其前身“安尼尔童装店”于1996年在深圳女人世界开业，1999年注册“Annil安奈儿”品牌，开始走品牌化发展路线。
1010012800070098,安踏儿童,服装,儿童装,,
1010012800070099,派克兰帝,服装,儿童装,,派克兰帝是由国际投资与合作创建的专业童装及儿童用品公司。公司成立于中国童装业尚未起步的1994年，市场排名居行业前茅，产品畅销于全国近200个城市，并已迈进了国际市场。
1010012800070100,常春藤,服装,儿童装,,
1010012800070101,NIKE KIDS,服装,儿童装,,耐克Kids是全球运动产品第一品牌耐克推出的耐克儿童产品系列，为8-14岁的儿童提供品质优秀、功能突出的个性化专业运动、休闲产品。总部位于美国俄勒冈州Beaverton的耐克公司是全球著名的体育用品制造商。该公司生产的体育用品包罗万象：服装，鞋类，运动器材等等。
1010012800070102,Levi's Kids,服装,儿童装,,Levi's（李维斯）是来自美国西部最闻名的名字之一。1853年犹太青年商人Levi Strauss（李维・斯特劳斯）为处理积压的帆布试着做了一批低腰、直筒、臀围紧小的裤子，卖给旧金山的淘金工人。由于这种裤子比棉布裤更结实耐磨而大受欢迎。于是，李维索性开了一家专门生产帆布工装裤的公司，并以自己的名字“Levi's”作为品牌，Levi's（李维斯）的神话也由此展开。
1010012800070103,ELLE Kids,服装,儿童装,,
1010012800070104,ELAND KIDS,服装,儿童装,,
1010012800070105,KENZO KIDS,服装,儿童装,,KENZO是由高田贤三在法国创立的品牌，结合了东方文化的沉稳意境、拉丁民族的热情活泼，大胆创新的融合了缤纷色彩与花朵，创造出活泼明亮、优雅独特的作品。KENZO自1970年起开始在时尚界崭露头角，并于1993年加入LVMH集团，自此KENZO旗下的服装、饰品、餐具以及香水均受到更广大的欢迎。
1010012800070106,BOSS HUGO BOSS,服装,男装,,于1923年，Hugo Boss先生以其名字创立了一家男装生产商。但数年后，因德国经济萧条影响而陷入破产。三十年代至四十年代初，Hugo Boss转为生产德国突击队(Storm Troopers)和德国政治军事组织German SS的制服，而且专门供应纳粹少年团的全套装备。
1010012800070107,AIMER KIDS,服装,儿童装,,北京爱慕有限公司是专业从事品牌内衣设计、生产和营销的现代化企业，总部位于北京望京高新技术产业开发区爱慕大厦，拥有员工近2000人。
1010012800070108,贝登堡首创馆,其他,珠宝工艺品,,
1010012800070109,洪恩,其他,教育,,中国著名幼儿教育机构名称，全称：北京洪恩教育科技股份有限公司，是一家以学前教育软件研发为主业的高新技术企业，致力于点读笔、纸质有声读物、多媒体光盘、益智玩教具的研发生产和销售。
1010012800080000,吉野家,正餐,快餐,,吉野家是一家享有百年历史的著名日本牛肉饭专门店，始创于1899年，在日本筑地鱼市场开设第一间分店。“吉野家”的名字来源于地名，日本的吉野山地区的牛肉饭最为著名，传说是12世纪时候日本名将源义经的爱妾静在掩护义经避难之时，在吉野山把制作牛肉饭的技巧教给了当地居民，于是牛肉饭成为当地的特产美味，“吉野家”之所以这样取名，也是为了说明自己的牛肉饭正宗。
1010012800080001,坛子村韩国料理,餐饮,正餐,01082676165,
1010012800080002,怡优美,其他,珠宝工艺品,,
1010012800080003,凤祥甜品,餐饮,甜品,,
1010012800080004,荣寿司,餐饮,正餐,01082676169,
1010012800080005,面爱面,餐饮,正餐,01082617084,
1010012800080006,祺海轩涮功坊,餐饮,正餐,01062696728,
1010012800080007,听雪轩茶坊,其他,保健品,,
1010012800080008,当代商城会员俱乐部,其他,俱乐部,,
1010012800080009,鼎泰丰,餐饮,正餐,01062696726,鼎泰丰（Din Tai Fung）享誉世界的台湾小笼包专卖店，1972年成立于台湾，几十年间，它走过了从创立品牌到蓬勃发展的辉煌历程，先后在日本、美国、中国香港、新加坡、上海、深圳、无锡等地均开有分店。1993年鼎泰丰餐厅被美国纽约时报评选为“世界十大美食餐厅之一”，在台湾它已成为中华传统美食的代表。很多国内外游客到台湾必到鼎泰丰，只为一尝小笼包的美味。许多名人，如梅尔吉普逊、苏菲玛索、成龙、巩俐、宫泽理惠、张曼玉、周星驰等都成为鼎泰丰的座上客。
1010012800080010,办公区,,,,
